id,customer_review,sentiment,purchase_likely,category,price,discounted_price,reviews,rating,Discount Amount,Review Length,discount_percentage,sentiment_score
2387,I expected better performance for the price.,Negative,0,Beauty,2272.02,1620.61,731,2.4,651.41,7,28.671132038666887,-0.403
1299,The product is okay and works as described.,Neutral,1,Toys & Games,5867.87,2986.27,273,3.6,2881.6,8,49.10803780335573,0.058
1996,It works reasonably well but has some limitations.,Neutral,0,Clothing,4567.72,2592.51,588,3.9,1975.21,8,43.24270056038023,-0.207
2098,Good quality and works exactly as expected.,Positive,1,Toys & Games,3508.66,1528.67,913,4.6,1979.99,7,56.43141951435861,0.679
290,The product quality is disappointing and needs improvement.,Negative,1,Mobile Accessories,3404.14,1724.96,207,2.9,1679.18,8,49.32748747150338,-1.0
2381,The quality is poor and the product has several issues.,Negative,0,Home & Kitchen,9973.63,8336.61,121,3.0,1637.02,10,16.413440594174624,-0.721
2337,The product quality is disappointing and needs improvement.,Negative,0,Computers & Accessories,16681.42,9487.18,1378,2.8,7194.24,8,43.1272364191604,-0.501
1493,"The product is usable, although the experience is ordinary.",Neutral,1,Mobile Accessories,3411.07,2467.79,4114,3.1,943.28,9,27.653436278033098,0.296
34,"The product is reliable, useful and worth the price.",Positive,1,Electronics,24174.45,18318.71,6797,4.9,5855.74,9,24.222828199788275,0.854
1971,Very satisfied with the purchase and product quality.,Positive,0,Office Products,287.1,210.15,584,4.0,76.95,8,26.801066105327955,0.463
2286,The product did not work as expected.,Negative,1,Beauty,472.42,262.29,2731,2.8,210.13,7,44.47890985483272,-0.387
2039,I expected better performance for the price.,Negative,0,Toys & Games,5366.9,3261.74,6067,3.0,2105.16,7,39.22487410335232,-0.586
918,The product is okay and works as described.,Neutral,1,Clothing,2658.76,1777.39,1143,3.7,881.37,8,33.149639138960566,-0.43
2261,"The product is usable, although the experience is ordinary.",Neutral,0,Mobile Accessories,1877.34,1414.71,819,3.4,462.63,9,24.64270153969708,0.04
382,The quality is acceptable but could be improved.,Neutral,1,Mobile Accessories,3241.85,1919.12,189,4.2,1322.73,8,40.80173801931482,-0.167
1655,The product is okay and works as described.,Neutral,1,Beauty,1868.63,920.25,382,3.7,948.38,8,50.752535675052414,0.091
46,The product did not work as expected.,Negative,0,Office Products,1610.06,1382.76,133,2.6,227.3,7,14.117666092396487,-0.694
264,Decent product for the price with average performance.,Neutral,0,Mobile Accessories,2637.92,1619.27,251,3.4,1018.65,8,38.6157000397717,0.111
1592,I expected better performance for the price.,Negative,1,Beauty,1301.03,1301.03,2361,3.1,0.0,7,0.0,-0.88
2236,"The product is usable, although the experience is ordinary.",Neutral,0,Home & Kitchen,5902.49,4917.41,6587,3.6,985.08,9,16.689201775359297,-0.164
2262,The product quality is disappointing and needs improvement.,Negative,0,Books,2339.29,1694.06,1721,2.9,645.23,8,27.58222070305541,-0.815
1346,Excellent product and very useful for daily use.,Positive,1,Sports & Fitness,1088.02,668.23,2204,4.2,419.79,8,38.58310872670161,0.822
1336,Not satisfied with the performance of this product.,Negative,0,Beauty,915.21,437.68,1192,3.0,477.53,8,52.17699324509891,-0.653
2357,The product is okay and works as described.,Neutral,1,Beauty,4422.11,1753.89,2422,3.5,2668.22,8,60.33812067650912,0.318
2319,The quality is acceptable but could be improved.,Neutral,0,Books,1093.98,1093.98,233,3.1,0.0,8,0.0,-0.07
1374,"The product is usable, although the experience is ordinary.",Neutral,1,Beauty,2778.46,2108.43,290,3.7,670.03,9,24.115208940229575,0.14
862,The quality is poor and the product has several issues.,Negative,1,Toys & Games,3774.31,3256.54,1149,2.8,517.77,10,13.718264981143445,-0.961
804,Not satisfied with the performance of this product.,Negative,1,Office Products,2563.03,1724.23,493,1.6,838.8,8,32.7267512053744,-0.836
570,I liked the quality and would consider buying again.,Positive,0,Books,2164.67,1949.12,453,4.6,215.55,9,9.957693735752304,0.723
1047,I liked the quality and would consider buying again.,Positive,1,Mobile Accessories,3849.82,1873.06,361,4.4,1976.76,9,51.34669849687251,0.926
2241,The quality is acceptable but could be improved.,Neutral,0,Computers & Accessories,11391.66,6267.47,3756,4.0,5124.19,8,44.98192521358544,-0.017
659,"The product is reliable, useful and worth the price.",Positive,0,Computers & Accessories,1714.89,1195.83,2064,4.1,519.06,9,30.26797673403795,0.666
750,I liked the quality and would consider buying again.,Positive,1,Sports & Fitness,873.73,525.5,5097,4.3,348.23,9,39.855952626727834,0.662
2128,"The product is reliable, useful and worth the price.",Positive,1,Sports & Fitness,9796.0,6556.6,255,4.4,3239.4,9,33.06858976112818,0.912
512,Great value for money and good overall performance.,Positive,0,Office Products,2186.64,1076.88,260,4.7,1109.76,8,50.75203555396343,0.51
1431,Good quality and works exactly as expected.,Positive,1,Home & Kitchen,3773.09,2823.78,730,4.6,949.31,7,25.15989937978358,0.787
1127,The product did not work as expected.,Negative,1,Clothing,4854.51,2616.98,4424,3.0,2237.53,7,46.09168786882863,-0.46
1474,Not satisfied with the performance of this product.,Negative,0,Clothing,2058.93,1471.01,92,3.1,587.92,8,28.554440933191,-0.731
1485,I liked the quality and would consider buying again.,Positive,0,Sports & Fitness,3690.52,2274.36,1109,3.9,1416.16,9,38.37280468389602,0.642
185,It works reasonably well but has some limitations.,Neutral,1,Beauty,1964.85,1502.05,2571,4.2,462.8,8,23.554131024936765,-0.298
1743,The product quality is disappointing and needs improvement.,Negative,0,Home & Kitchen,7414.45,5214.38,1889,2.5,2200.07,8,29.672786313308883,-0.208
236,Not satisfied with the performance of this product.,Negative,1,Sports & Fitness,4142.0,3536.02,1475,3.1,605.98,8,14.630224556361657,-0.704
619,I liked the quality and would consider buying again.,Positive,1,Beauty,4811.92,2664.19,165,5.0,2147.73,9,44.63351448874569,0.952
1297,"The product is usable, although the experience is ordinary.",Neutral,0,Beauty,4800.18,3071.14,607,2.6,1729.04,9,36.02033268376623,-0.55
1944,Excellent product and very useful for daily use.,Positive,0,Sports & Fitness,9247.62,5213.42,84,4.1,4034.2,8,43.62418955560618,0.563
311,"The product is reliable, useful and worth the price.",Positive,1,Sports & Fitness,4801.08,1896.83,532,4.3,2904.25,9,60.49156178367694,0.84
1085,The product is okay and works as described.,Neutral,1,Home & Kitchen,10805.89,6351.31,1180,3.8,4454.58,8,41.223628707626126,-0.136
2274,The product did not work as expected.,Negative,1,Home & Kitchen,5331.99,5039.85,1120,2.2,292.14,7,5.478994042460375,-0.558
403,The product quality is disappointing and needs improvement.,Negative,0,Books,1893.88,1815.44,2649,3.0,78.44,8,4.142009839943519,-0.712
1421,The product is okay and works as described.,Neutral,0,Office Products,1001.81,914.87,208,3.2,86.94,8,8.678055381810793,-0.165
716,Average product with acceptable quality.,Neutral,0,Toys & Games,440.11,314.69,1007,3.2,125.42,5,28.49801293918903,0.066
1099,I liked the quality and would consider buying again.,Positive,1,Home & Kitchen,3707.81,3007.09,11285,4.5,700.72,9,18.898404531643394,0.843
209,Average product with acceptable quality.,Neutral,0,Clothing,5452.02,4176.16,909,4.0,1275.86,5,23.401646619121315,-0.261
1156,"The product is reliable, useful and worth the price.",Positive,1,Computers & Accessories,3007.72,1435.79,558,3.7,1571.93,9,52.26317372905936,0.673
2255,Great value for money and good overall performance.,Positive,0,Books,746.47,341.43,208,5.0,405.04,8,54.26070369767674,0.687
1362,The product is not very reliable and I would not recommend it.,Negative,1,Electronics,20496.12,12476.0,267,2.1,8020.12,12,39.12993532153337,-0.74
2341,I liked the quality and would consider buying again.,Positive,1,Mobile Accessories,4927.17,3011.24,341,4.5,1915.93,9,38.88490156426665,0.567
555,Average product with acceptable quality.,Neutral,1,Electronics,16174.77,8240.23,170,3.2,7934.54,5,49.05503817596967,0.317
2071,"The product is usable, although the experience is ordinary.",Neutral,0,Books,1673.71,1317.19,3661,3.4,356.52,9,21.301074338030382,-0.247
685,"The product is usable, although the experience is ordinary.",Neutral,1,Computers & Accessories,11611.84,6106.71,260,3.0,5505.13,9,47.4095915775709,0.276
1677,The product is not very reliable and I would not recommend it.,Negative,1,Beauty,4142.1,1677.43,548,3.2,2464.67,12,59.50302425839649,-0.849
810,Good quality and works exactly as expected.,Positive,1,Mobile Accessories,2722.5,1327.94,945,4.5,1394.56,7,51.22357947153069,0.693
976,Excellent product and very useful for daily use.,Positive,1,Electronics,22167.75,7965.3,1532,4.2,14202.45,8,64.06805438204483,0.551
1473,"The product is usable, although the experience is ordinary.",Neutral,0,Toys & Games,3100.62,2052.74,5842,3.6,1047.88,9,33.79585490662905,0.482
749,The product quality is disappointing and needs improvement.,Negative,1,Clothing,2023.78,1574.19,402,3.3,449.59,8,22.21544438399811,-0.676
1740,The product is okay and works as described.,Neutral,0,Clothing,1711.8,953.24,786,3.6,758.56,8,44.31387856851964,-0.025
344,Not satisfied with the performance of this product.,Negative,0,Mobile Accessories,4166.83,2259.56,855,3.7,1907.27,8,45.77271175470345,-0.731
2396,The product quality is disappointing and needs improvement.,Negative,0,Mobile Accessories,1620.37,693.11,783,2.2,927.26,8,57.22528902159395,-0.738
1585,Great value for money and good overall performance.,Positive,0,Toys & Games,3079.63,2725.07,861,4.6,354.56,8,11.513171862139714,0.853
2080,I liked the quality and would consider buying again.,Positive,1,Toys & Games,4162.5,3463.72,988,4.3,698.78,9,16.78752956221372,0.808
1959,The product did not work as expected.,Negative,1,Mobile Accessories,1380.27,1213.79,1577,2.0,166.48,7,12.06175762873064,-0.674
2225,I liked the quality and would consider buying again.,Positive,0,Home & Kitchen,1885.1,1032.87,2144,4.7,852.23,9,45.208830520348826,0.894
1276,I liked the quality and would consider buying again.,Positive,1,Office Products,1895.8,1451.92,5046,4.4,443.88,9,23.413713378098862,0.561
1218,The quality is poor and the product has several issues.,Negative,1,Electronics,14366.15,5197.44,354,3.0,9168.71,10,63.82164321610789,-0.583
2210,It works reasonably well but has some limitations.,Neutral,1,Clothing,5908.77,1795.46,3559,3.4,4113.31,8,69.61360314813919,0.159
1174,The product is not very reliable and I would not recommend it.,Negative,1,Toys & Games,3076.61,1984.89,2923,2.5,1091.72,12,35.48456953205546,-1.0
1451,Great value for money and good overall performance.,Positive,1,Toys & Games,3767.68,2868.4,119,4.5,899.28,8,23.868185426855177,0.546
1754,It works reasonably well but has some limitations.,Neutral,0,Beauty,1374.27,866.69,1089,3.6,507.58,8,36.93416117437964,-0.05
2440,I expected better performance for the price.,Negative,0,Clothing,5219.32,3943.68,1073,2.2,1275.64,7,24.44064918894191,-0.468
1202,The product quality is disappointing and needs improvement.,Negative,0,Office Products,2687.9,2216.75,180,2.9,471.15,8,17.528435425647967,-0.894
86,I expected better performance for the price.,Negative,1,Toys & Games,753.09,477.65,507,2.8,275.44,7,36.57518018339684,-0.325
1286,The product is not very reliable and I would not recommend it.,Negative,0,Sports & Fitness,7250.32,7250.32,4002,2.7,0.0,12,0.0,-0.774
1906,"The product is usable, although the experience is ordinary.",Neutral,0,Home & Kitchen,11050.38,9346.86,235,3.8,1703.52,9,15.415945330329222,0.03
1908,The product is okay and works as described.,Neutral,1,Books,2053.17,1443.53,6027,3.5,609.64,8,29.69277735140576,0.03
1497,Excellent product and very useful for daily use.,Positive,0,Beauty,1049.21,573.19,403,4.5,476.02,8,45.368947117740205,0.84
477,Decent product for the price with average performance.,Neutral,1,Mobile Accessories,1737.2,951.63,655,4.0,785.57,8,45.220712112388114,0.133
642,I expected better performance for the price.,Negative,0,Office Products,3295.36,2692.02,699,2.2,603.34,7,18.308850203138142,-1.0
1792,Decent product for the price with average performance.,Neutral,0,Mobile Accessories,1947.31,1692.92,5612,3.1,254.39,8,13.063865351166946,-0.085
1683,I expected better performance for the price.,Negative,0,Computers & Accessories,1574.83,1328.36,875,2.1,246.47,7,15.650851178347935,-0.548
611,The product is not very reliable and I would not recommend it.,Negative,1,Electronics,7947.52,2486.66,988,2.1,5460.86,12,68.71144801517873,-0.741
1277,The quality is poor and the product has several issues.,Negative,0,Office Products,2683.25,1991.14,1108,2.6,692.11,10,25.79375651880732,-0.922
250,I liked the quality and would consider buying again.,Positive,1,Sports & Fitness,7726.98,5038.27,1019,4.5,2688.71,9,34.79640814376815,0.657
736,Good quality and works exactly as expected.,Positive,0,Computers & Accessories,9731.79,6645.34,1422,4.2,3086.45,7,31.71510288017924,0.809
815,The quality is poor and the product has several issues.,Negative,1,Mobile Accessories,225.33,151.26,12245,2.2,74.07,10,32.87312750017642,-0.462
800,The quality is poor and the product has several issues.,Negative,0,Toys & Games,5151.02,4900.29,12445,2.6,250.73,10,4.8676164207801556,-0.696
2060,Very satisfied with the purchase and product quality.,Positive,1,Home & Kitchen,1111.45,737.97,3692,4.6,373.48,8,33.60267964821667,0.733
973,Very satisfied with the purchase and product quality.,Positive,1,Books,1101.18,673.91,1481,4.3,427.27,8,38.80146237541571,0.84
130,The product quality is disappointing and needs improvement.,Negative,1,Toys & Games,561.0,345.8,93,2.3,215.2,8,38.359262952090546,-0.899
1097,The product quality is disappointing and needs improvement.,Negative,0,Computers & Accessories,16341.07,15977.37,111,3.4,363.7,8,2.225681971722217,-0.232
564,Not satisfied with the performance of this product.,Negative,1,Beauty,1899.83,1010.61,3706,2.6,889.22,8,46.80543560142866,-0.738
1519,Excellent product and very useful for daily use.,Positive,1,Office Products,1177.64,837.67,754,3.7,339.97,8,28.868555481351628,0.827
1007,Average product with acceptable quality.,Neutral,1,Home & Kitchen,2152.8,1025.45,8352,3.5,1127.35,5,52.36689495876272,0.047
922,Excellent product and very useful for daily use.,Positive,0,Books,2030.74,1265.16,298,3.8,765.58,8,37.69962470380616,0.683
978,"The product is usable, although the experience is ordinary.",Neutral,1,Sports & Fitness,7465.25,4912.21,1008,3.2,2553.04,9,34.199043758554254,0.169
133,The product is not very reliable and I would not recommend it.,Negative,0,Home & Kitchen,327.97,225.97,1220,2.9,102.0,12,31.099637635411014,-0.905
191,Decent product for the price with average performance.,Neutral,0,Computers & Accessories,18228.96,11375.37,1512,3.6,6853.59,8,37.597256463906504,0.003
2292,Excellent product and very useful for daily use.,Positive,1,Books,2461.69,1705.03,997,4.2,756.66,8,30.73744338878526,0.828
1846,The quality is acceptable but could be improved.,Neutral,1,Computers & Accessories,1517.68,1111.01,104,3.4,406.67,8,26.79579888319262,-0.013
858,The product is okay and works as described.,Neutral,1,Office Products,1753.66,933.13,859,3.4,820.53,8,46.78961414850392,0.187
1084,Not satisfied with the performance of this product.,Negative,0,Sports & Fitness,2092.04,679.18,2047,2.4,1412.86,8,67.53487264663165,-0.734
1598,The product did not work as expected.,Negative,1,Books,2018.12,1446.05,363,3.3,572.07,7,28.346594730081137,-0.708
59,Decent product for the price with average performance.,Neutral,1,Clothing,2523.71,2283.44,910,4.2,240.27,8,9.520662132183027,0.21
2457,"The product is usable, although the experience is ordinary.",Neutral,0,Books,1936.02,447.85,356,3.5,1488.17,9,76.86743988775919,0.207
1401,Good quality and works exactly as expected.,Positive,1,Computers & Accessories,8823.73,5653.53,370,4.5,3170.2,7,35.92806499001337,0.885
1824,The product did not work as expected.,Negative,1,Toys & Games,4114.46,2135.98,17281,3.3,1978.48,7,48.08596713795802,-0.685
2278,The product did not work as expected.,Negative,0,Clothing,4044.91,1884.99,750,2.7,2159.92,7,53.3985653447148,-0.835
26,It works reasonably well but has some limitations.,Neutral,1,Office Products,3486.43,2384.35,746,3.6,1102.08,8,31.610656547113997,-0.356
1914,"The product is usable, although the experience is ordinary.",Neutral,1,Home & Kitchen,11535.21,4135.38,26,3.7,7399.83,9,64.14992413246651,-0.028
674,Good quality and works exactly as expected.,Positive,1,Books,721.22,526.54,1669,3.6,194.68,7,26.993020408400305,0.39
1197,I liked the quality and would consider buying again.,Positive,1,Beauty,158.58,76.36,5180,4.3,82.22,9,51.8473807690775,0.448
2297,Decent product for the price with average performance.,Neutral,0,Computers & Accessories,13437.35,7897.29,9547,3.6,5540.06,8,41.228789433365094,-0.221
1719,The product is okay and works as described.,Neutral,1,Computers & Accessories,13869.73,10389.36,370,3.8,3480.37,8,25.093280014527934,0.023
1855,Great value for money and good overall performance.,Positive,1,Mobile Accessories,1862.77,1315.55,448,4.6,547.22,8,29.376718430026393,0.714
2496,The quality is acceptable but could be improved.,Neutral,1,Computers & Accessories,12616.47,9360.46,185,3.7,3256.01,8,25.807603436503793,-0.147
1907,The product quality is disappointing and needs improvement.,Negative,0,Computers & Accessories,15295.94,9153.34,136,2.5,6142.6,8,40.15833886348457,-0.775
2415,I expected better performance for the price.,Negative,0,Beauty,2087.56,1473.28,1920,3.0,614.28,7,29.425666211169847,-0.823
1483,The product is okay and works as described.,Neutral,0,Sports & Fitness,8965.66,2692.68,1749,3.7,6272.98,8,69.96668688357963,-0.176
1279,"The product is usable, although the experience is ordinary.",Neutral,1,Electronics,19097.97,10102.56,27,3.8,8995.41,9,47.10138551566352,-0.309
616,The product is okay and works as described.,Neutral,1,Home & Kitchen,649.54,590.65,373,3.6,58.89,8,9.0666560783529,0.094
1964,"The product is reliable, useful and worth the price.",Positive,1,Computers & Accessories,752.42,284.01,32,3.8,468.41,9,62.254012138857576,0.735
1729,Decent product for the price with average performance.,Neutral,0,Electronics,12350.01,3380.86,244,3.3,8969.15,8,72.62464058663974,0.122
646,It works reasonably well but has some limitations.,Neutral,1,Electronics,4868.37,2757.06,5518,4.1,2111.31,8,43.36782600897742,-0.27
1916,Excellent product and very useful for daily use.,Positive,1,Home & Kitchen,6113.43,3038.34,1705,4.4,3075.09,8,50.30061115980206,0.618
109,The product is okay and works as described.,Neutral,0,Office Products,1125.37,684.49,865,4.1,440.88,8,39.176665487700326,0.098
2295,The product is not very reliable and I would not recommend it.,Negative,1,Computers & Accessories,1525.64,977.22,595,3.1,548.42,12,35.94659409988769,-0.477
1012,It works reasonably well but has some limitations.,Neutral,1,Home & Kitchen,1423.62,576.47,952,3.3,847.15,8,59.50644887207842,0.291
2450,Great value for money and good overall performance.,Positive,0,Mobile Accessories,2970.12,1354.91,180,3.7,1615.21,8,54.38197885182391,0.765
1282,The product is okay and works as described.,Neutral,1,Office Products,1326.12,849.92,2016,4.0,476.2,8,35.90947828645313,0.268
747,It works reasonably well but has some limitations.,Neutral,0,Books,1112.64,643.16,1860,3.6,469.48,8,42.194769815451686,-0.135
1618,The product is okay and works as described.,Neutral,0,Electronics,8392.52,5485.04,124,3.6,2907.48,8,34.643691566962765,0.213
1611,The product is okay and works as described.,Neutral,1,Beauty,2309.05,949.98,894,3.6,1359.07,8,58.85860329189243,0.208
974,Not satisfied with the performance of this product.,Negative,0,Beauty,4518.12,3998.4,338,2.2,519.72,8,11.503113102591588,-0.591
590,Average product with acceptable quality.,Neutral,1,Home & Kitchen,2854.3,2069.42,268,3.0,784.88,5,27.498187750285997,-0.003
2335,Average product with acceptable quality.,Neutral,1,Electronics,8064.44,6910.23,1194,3.6,1154.21,5,14.312393147561,-0.03
1716,Good quality and works exactly as expected.,Positive,1,Home & Kitchen,4006.6,3723.9,280,4.3,282.7,7,7.055771504423436,0.702
418,The product is okay and works as described.,Neutral,0,Clothing,4917.88,3973.21,150,3.9,944.67,8,19.208866114640994,-0.354
647,It works reasonably well but has some limitations.,Neutral,1,Sports & Fitness,7273.13,3323.1,1272,3.6,3950.03,8,54.30993599079116,-0.322
384,Not satisfied with the performance of this product.,Negative,0,Beauty,1017.82,894.84,1321,3.0,122.98,8,12.082929313285696,-0.393
2499,Average product with acceptable quality.,Neutral,0,Home & Kitchen,2906.34,935.76,1158,3.9,1970.58,5,67.802691969014,0.159
650,The quality is poor and the product has several issues.,Negative,0,Clothing,3976.8,2900.67,1267,2.7,1076.13,10,27.06011299300376,-0.916
1674,"The product is reliable, useful and worth the price.",Positive,1,Mobile Accessories,1672.96,859.36,545,4.2,813.6,9,48.63231816491384,0.903
1882,"The product is reliable, useful and worth the price.",Positive,1,Books,1665.0,1299.66,433,4.5,365.34,9,21.942563573721745,0.752
1635,It works reasonably well but has some limitations.,Neutral,1,Home & Kitchen,1167.33,858.24,1333,3.7,309.09,8,26.478321454621508,0.217
1273,"The product is reliable, useful and worth the price.",Positive,1,Home & Kitchen,2861.65,1701.58,1706,4.6,1160.07,9,40.5384788818625,0.618
2367,Good quality and works exactly as expected.,Positive,1,Home & Kitchen,6405.34,2941.65,14346,4.3,3463.69,7,54.07499057191261,0.652
717,Decent product for the price with average performance.,Neutral,1,Home & Kitchen,1270.39,1024.28,572,3.7,246.11,8,19.372526890120866,0.063
1858,The product is not very reliable and I would not recommend it.,Negative,0,Office Products,595.59,396.22,1311,2.3,199.37,12,33.475174842573296,-0.772
1711,Average product with acceptable quality.,Neutral,0,Mobile Accessories,2850.28,2057.98,1022,3.4,792.3,5,27.797135941640754,0.077
223,The quality is acceptable but could be improved.,Neutral,0,Clothing,3349.78,2441.93,1017,3.5,907.85,8,27.10192073673426,-0.344
22,Excellent product and very useful for daily use.,Positive,1,Sports & Fitness,5566.99,3339.94,2121,4.6,2227.05,8,40.00460681641168,0.85
1067,"The product is reliable, useful and worth the price.",Positive,1,Sports & Fitness,2070.37,1329.87,935,4.2,740.5,9,35.76634384954961,0.776
190,Good quality and works exactly as expected.,Positive,1,Sports & Fitness,4722.52,4649.12,614,4.6,73.4,7,1.5542284515478428,0.708
1178,"The product is reliable, useful and worth the price.",Positive,1,Clothing,4823.03,2516.4,595,4.5,2306.63,9,47.82537660462253,0.533
1318,The product is okay and works as described.,Neutral,1,Home & Kitchen,580.49,559.51,248,3.6,20.98,8,3.6136001113572505,-0.036
525,"The product is usable, although the experience is ordinary.",Neutral,1,Home & Kitchen,1927.96,1458.37,688,3.5,469.59,9,24.35662397922983,-0.051
450,It works reasonably well but has some limitations.,Neutral,0,Clothing,4523.42,2035.22,235,3.9,2488.2,8,55.007018370850204,-0.002
715,Good quality and works exactly as expected.,Positive,0,Clothing,5805.62,4627.77,911,4.8,1177.85,7,20.288015355330586,0.629
950,Average product with acceptable quality.,Neutral,0,Electronics,20260.24,15721.77,186,3.4,4538.47,5,22.400873504852253,0.051
2281,Very satisfied with the purchase and product quality.,Positive,0,Beauty,1629.67,939.87,2623,5.0,689.8,8,42.327434903521805,0.891
421,The product quality is disappointing and needs improvement.,Negative,0,Office Products,1386.03,1000.71,768,2.1,385.32,8,27.80038401841594,-0.767
1644,Great value for money and good overall performance.,Positive,1,Sports & Fitness,2173.81,1067.91,1361,4.2,1105.9,8,50.8737886151395,0.59
180,Average product with acceptable quality.,Neutral,1,Computers & Accessories,4094.25,2424.51,2988,3.8,1669.74,5,40.782576959169,0.041
1261,Decent product for the price with average performance.,Neutral,1,Sports & Fitness,5616.22,3004.77,2104,3.8,2611.45,8,46.498438123613255,0.099
1291,The quality is poor and the product has several issues.,Negative,1,Home & Kitchen,4012.42,2970.91,280,3.6,1041.51,10,25.95725070825333,-1.0
1901,The product did not work as expected.,Negative,0,Books,1648.02,1354.83,661,3.2,293.19,7,17.790267450105883,-0.922
1684,Not satisfied with the performance of this product.,Negative,1,Beauty,450.84,202.15,105,2.9,248.69,8,55.16177825134494,-0.652
690,Good quality and works exactly as expected.,Positive,0,Beauty,3999.37,2680.95,251,4.4,1318.42,7,32.96567549218436,0.754
1871,The quality is poor and the product has several issues.,Negative,0,Books,2482.85,1554.77,298,2.4,928.08,10,37.379592937957035,-0.416
494,Decent product for the price with average performance.,Neutral,1,Office Products,1671.16,987.06,768,3.2,684.1,8,40.9354202929407,-0.027
1221,The product is okay and works as described.,Neutral,1,Clothing,1968.59,711.51,1100,3.8,1257.08,8,63.85700352227154,0.031
1600,The quality is acceptable but could be improved.,Neutral,0,Home & Kitchen,6048.99,4391.98,1010,3.8,1657.01,8,27.393206900923133,-0.293
2348,"The product is usable, although the experience is ordinary.",Neutral,0,Computers & Accessories,19200.19,17707.42,234,3.7,1492.77,9,7.77475824027589,0.178
2183,Excellent product and very useful for daily use.,Positive,1,Computers & Accessories,4174.07,2323.24,381,4.9,1850.83,8,44.34120111252132,0.813
2444,The product did not work as expected.,Negative,1,Sports & Fitness,9540.82,4302.86,509,3.0,5237.96,7,54.90050490694464,-0.65
2197,Great value for money and good overall performance.,Positive,1,Sports & Fitness,9364.19,7001.28,6120,4.5,2362.91,8,25.233502431750853,0.51
1463,Excellent product and very useful for daily use.,Positive,1,Computers & Accessories,12109.14,11705.93,1229,5.0,403.21,8,3.329822965211793,1.0
1958,Decent product for the price with average performance.,Neutral,1,Home & Kitchen,6017.37,2240.37,464,3.3,3777.0,8,62.76831677116931,-0.367
577,Good quality and works exactly as expected.,Positive,1,Toys & Games,4046.23,2959.82,1256,4.7,1086.41,7,26.84992033115874,0.77
1972,The product is not very reliable and I would not recommend it.,Negative,0,Mobile Accessories,2105.68,1588.62,3696,2.9,517.06,12,24.555429844607666,-1.0
808,The quality is poor and the product has several issues.,Negative,0,Home & Kitchen,5460.48,3217.92,355,2.2,2242.56,10,41.068826099221226,-0.644
2136,The quality is poor and the product has several issues.,Negative,1,Books,943.11,572.72,879,2.9,370.39,10,39.27332305759833,-0.674
316,The product is okay and works as described.,Neutral,1,Toys & Games,5822.9,3371.27,348,3.0,2451.63,8,42.10321258784184,-0.211
1357,The product is okay and works as described.,Neutral,1,Toys & Games,4700.25,3114.3,465,2.9,1585.95,8,33.74187357714165,0.218
1441,"The product is usable, although the experience is ordinary.",Neutral,1,Books,1811.59,1039.55,122,4.1,772.04,9,42.61645089164495,-0.092
1331,Excellent product and very useful for daily use.,Positive,1,Computers & Accessories,6134.13,3363.58,1406,4.0,2770.55,8,45.16618136394413,0.46
718,Very satisfied with the purchase and product quality.,Positive,0,Toys & Games,3085.2,2374.14,333,4.7,711.06,8,23.047526888374687,0.816
1066,Great value for money and good overall performance.,Positive,1,Electronics,6605.32,5359.89,4714,4.9,1245.43,8,18.855017483449796,0.62
1028,"The product is reliable, useful and worth the price.",Positive,0,Electronics,23215.36,19097.23,395,4.7,4118.13,9,17.738808103319844,0.681
519,The product is not very reliable and I would not recommend it.,Negative,0,Office Products,1778.34,1778.34,746,3.1,0.0,12,0.0,-0.544
1985,I expected better performance for the price.,Negative,0,Clothing,1131.78,1045.77,621,2.6,86.01,7,7.59919105901951,-0.941
1145,Very satisfied with the purchase and product quality.,Positive,1,Home & Kitchen,11886.88,9577.2,1967,3.6,2309.68,8,19.430524698789725,0.61
2259,Decent product for the price with average performance.,Neutral,1,Office Products,3093.07,1339.51,2199,3.7,1753.56,8,56.69328883909316,-0.025
1867,Average product with acceptable quality.,Neutral,0,Electronics,3822.55,2430.51,148,3.3,1392.04,5,36.41655556226306,0.25
381,The quality is poor and the product has several issues.,Negative,0,Electronics,3249.82,1349.75,417,2.3,1900.07,10,58.46684107945447,-1.0
467,The product quality is disappointing and needs improvement.,Negative,0,Clothing,1764.58,1550.14,1337,2.1,214.44,8,12.152557057614136,-0.743
1294,"The product is usable, although the experience is ordinary.",Neutral,0,Computers & Accessories,13607.91,10503.39,1366,3.5,3104.52,9,22.814105907181947,-0.2
949,"The product is reliable, useful and worth the price.",Positive,0,Clothing,3368.09,2139.05,11969,4.5,1229.04,9,36.4907421374339,0.611
380,The quality is poor and the product has several issues.,Negative,1,Books,586.99,404.22,347,2.9,182.77,10,31.13701047514832,-0.557
2277,I liked the quality and would consider buying again.,Positive,1,Sports & Fitness,7383.14,5354.82,347,3.9,2028.32,9,27.472381752542994,0.69
1225,The product is okay and works as described.,Neutral,0,Electronics,21448.84,17110.62,1986,3.3,4338.22,8,20.2259129628888,0.161
2270,The quality is acceptable but could be improved.,Neutral,1,Computers & Accessories,13071.85,12126.9,1242,3.2,944.95,8,7.22886687852429,0.261
1235,The quality is poor and the product has several issues.,Negative,0,Clothing,902.79,563.02,156,3.1,339.77,10,37.63600713546366,-0.878
1372,Decent product for the price with average performance.,Neutral,0,Computers & Accessories,8188.51,8188.51,440,3.2,0.0,8,0.0,-0.028
258,Average product with acceptable quality.,Neutral,0,Office Products,2828.58,1359.75,17854,3.3,1468.83,5,51.92824649414881,0.025
2077,"The product is usable, although the experience is ordinary.",Neutral,1,Clothing,5854.7,3592.06,934,3.8,2262.64,9,38.64651667559472,-0.014
1899,The quality is poor and the product has several issues.,Negative,1,Beauty,3341.18,1482.65,4666,3.0,1858.53,10,55.62497677025431,-0.929
1184,Average product with acceptable quality.,Neutral,0,Computers & Accessories,12247.41,3974.97,15347,3.7,8272.44,5,67.54438564224034,-0.091
1690,Great value for money and good overall performance.,Positive,0,Books,2353.27,1269.27,1000,4.2,1084.0,8,46.063742873841846,0.547
1579,Great value for money and good overall performance.,Positive,1,Sports & Fitness,8360.81,6313.82,405,4.2,2046.99,8,24.483140412847902,0.816
1078,The product is okay and works as described.,Neutral,0,Books,774.43,774.43,4824,3.7,0.0,8,0.0,0.039
369,I liked the quality and would consider buying again.,Positive,1,Home & Kitchen,4487.0,1865.35,493,4.8,2621.65,9,58.42776403255419,0.694
2037,Great value for money and good overall performance.,Positive,1,Mobile Accessories,1140.14,776.72,1338,4.2,363.42,8,31.874799962677393,0.862
329,"The product is usable, although the experience is ordinary.",Neutral,1,Beauty,4487.27,2205.03,64,4.1,2282.24,9,50.86027398803928,-0.032
594,The quality is acceptable but could be improved.,Neutral,1,Office Products,1711.39,1163.08,4810,3.5,548.31,8,32.03874142261082,-0.185
1285,"The product is usable, although the experience is ordinary.",Neutral,0,Office Products,1189.27,487.38,746,3.9,701.89,9,59.018354083487495,-0.036
2014,It works reasonably well but has some limitations.,Neutral,0,Home & Kitchen,3338.91,1094.34,150,3.3,2244.57,8,67.22464712294737,0.167
396,"The product is reliable, useful and worth the price.",Positive,1,Home & Kitchen,10370.56,9260.68,3213,4.6,1109.88,9,10.70225319614547,0.788
1575,The product quality is disappointing and needs improvement.,Negative,0,Electronics,3140.96,1337.35,6804,2.6,1803.61,8,57.42213370176027,-0.767
2363,Great value for money and good overall performance.,Positive,1,Home & Kitchen,5000.42,1935.73,7770,4.1,3064.69,8,61.2886663786743,0.568
1614,It works reasonably well but has some limitations.,Neutral,0,Office Products,1293.16,952.02,683,3.5,341.14,8,26.38016802641577,-0.003
707,The quality is acceptable but could be improved.,Neutral,0,Books,2461.42,1625.76,927,3.4,835.66,8,33.950456555478524,0.107
1951,It works reasonably well but has some limitations.,Neutral,0,Clothing,3863.01,2962.22,2823,3.1,900.79,8,23.318334518181153,0.022
1183,The quality is acceptable but could be improved.,Neutral,0,Clothing,3748.63,2420.83,1306,3.8,1327.8,8,35.42103486565464,-0.111
1016,The product quality is disappointing and needs improvement.,Negative,1,Beauty,2177.77,1396.41,452,3.3,781.36,8,35.87875429628011,-0.735
2380,I expected better performance for the price.,Negative,1,Office Products,3048.92,1478.8,55,1.9,1570.12,7,51.49762010023059,-0.812
271,I expected better performance for the price.,Negative,0,Office Products,159.87,107.2,155,3.4,52.67,7,32.942689109134236,-0.708
1353,Good quality and works exactly as expected.,Positive,1,Computers & Accessories,1552.68,1040.37,267,4.2,512.31,7,32.99529832536183,0.492
892,The product is okay and works as described.,Neutral,0,Home & Kitchen,5323.95,2702.37,7424,3.8,2621.58,8,49.24129678368566,0.516
1478,I expected better performance for the price.,Negative,1,Sports & Fitness,6566.75,2963.2,1470,2.6,3603.55,7,54.875774375047904,-0.697
432,Average product with acceptable quality.,Neutral,1,Computers & Accessories,12028.26,5516.75,1152,4.2,6511.51,5,54.13506380563561,0.061
1851,The product is okay and works as described.,Neutral,0,Clothing,5773.28,3902.15,6120,3.7,1871.13,8,32.41017866603438,-0.06
320,Decent product for the price with average performance.,Neutral,0,Electronics,5614.42,3316.75,188,3.2,2297.67,8,40.92452993240764,0.001
1895,Decent product for the price with average performance.,Neutral,0,Sports & Fitness,7147.45,4944.26,324,4.2,2203.19,8,30.824873492438,-0.126
2460,I expected better performance for the price.,Negative,0,Mobile Accessories,2807.83,1954.69,209,2.9,853.14,7,30.38415609096392,-0.9
1392,Good quality and works exactly as expected.,Positive,1,Home & Kitchen,10196.22,6330.14,9002,4.1,3866.08,7,37.91681672183764,0.54
739,The product is not very reliable and I would not recommend it.,Negative,0,Clothing,2338.77,1981.11,817,3.2,357.66,12,15.292745002040832,-0.665
1626,Very satisfied with the purchase and product quality.,Positive,1,Books,1695.88,528.11,20161,4.5,1167.77,8,68.85917061179904,0.643
915,The product is not very reliable and I would not recommend it.,Negative,0,Electronics,6077.32,5458.08,813,2.1,619.24,12,10.189307939370583,-0.892
1804,"The product is usable, although the experience is ordinary.",Neutral,0,Beauty,3196.83,2501.0,992,4.2,695.83,9,21.766268341061288,0.103
971,I expected better performance for the price.,Negative,0,Computers & Accessories,860.11,490.01,1809,2.8,370.1,7,43.028880788077714,-0.577
1332,The product is not very reliable and I would not recommend it.,Negative,1,Home & Kitchen,11711.96,11119.49,309,3.0,592.47,12,5.058642118770127,-0.55
828,Decent product for the price with average performance.,Neutral,0,Toys & Games,5512.08,3702.7,206,3.7,1809.38,8,32.82563143442964,0.005
2111,"The product is usable, although the experience is ordinary.",Neutral,0,Beauty,3100.63,1871.76,902,3.0,1228.87,9,39.63297724979343,0.254
13,The product did not work as expected.,Negative,1,Home & Kitchen,1081.26,684.63,700,3.4,396.63,7,36.68229493031872,-0.449
168,It works reasonably well but has some limitations.,Neutral,1,Computers & Accessories,15172.45,12002.72,2158,2.5,3169.73,8,20.891323985404117,-0.248
2405,I expected better performance for the price.,Negative,0,Toys & Games,4589.05,3733.46,3361,3.4,855.59,7,18.644235145812896,-0.576
1529,Very satisfied with the purchase and product quality.,Positive,1,Mobile Accessories,2705.51,1601.22,28176,4.3,1104.29,8,40.81643030354902,0.794
2464,The product quality is disappointing and needs improvement.,Negative,0,Electronics,9260.4,4539.2,211,3.0,4721.2,8,50.982701435163094,-0.673
1691,Great value for money and good overall performance.,Positive,1,Toys & Games,2200.93,1482.65,1796,4.1,718.28,8,32.635095138127944,0.775
111,The quality is acceptable but could be improved.,Neutral,0,Home & Kitchen,5066.28,3370.78,9023,3.1,1695.5,8,33.46630293871301,0.2
1550,The quality is poor and the product has several issues.,Negative,1,Office Products,1883.7,892.46,1287,3.1,991.24,10,52.622134830518014,-0.805
1776,Not satisfied with the performance of this product.,Negative,1,Clothing,5981.4,3570.32,748,2.7,2411.08,8,40.309694506882025,-0.902
240,The product is okay and works as described.,Neutral,0,Office Products,2788.91,1631.82,200,3.5,1157.09,8,41.4889615037453,0.034
952,I liked the quality and would consider buying again.,Positive,1,Beauty,2791.83,1473.86,3773,4.3,1317.97,9,47.208093900323334,0.53
2317,The product quality is disappointing and needs improvement.,Negative,0,Books,1739.23,1739.23,1970,2.5,0.0,8,0.0,-0.471
1371,Not satisfied with the performance of this product.,Negative,0,Books,1005.21,505.14,1137,3.5,500.07,8,49.74797867827961,-1.0
2438,Very satisfied with the purchase and product quality.,Positive,1,Mobile Accessories,3427.48,2554.75,1732,3.9,872.73,8,25.462704763389077,0.892
1400,Great value for money and good overall performance.,Positive,1,Clothing,3595.14,2609.63,1943,4.6,985.51,8,27.412418128553618,0.885
997,Good quality and works exactly as expected.,Positive,1,Clothing,2370.22,1561.08,1595,4.4,809.14,7,34.137777901230685,0.944
1328,Great value for money and good overall performance.,Positive,0,Sports & Fitness,5337.45,3332.29,7682,4.5,2005.16,8,37.567702677020335,0.399
225,The quality is poor and the product has several issues.,Negative,0,Home & Kitchen,9246.32,7943.39,6762,2.9,1302.93,10,14.091334718671153,-0.882
76,"The product is usable, although the experience is ordinary.",Neutral,1,Electronics,23871.19,19810.43,997,3.4,4060.76,9,17.011146513076664,-0.131
257,The product is okay and works as described.,Neutral,1,Sports & Fitness,1734.32,1236.95,564,3.2,497.37,8,28.67796671796116,-0.147
1384,I expected better performance for the price.,Negative,0,Computers & Accessories,15051.17,13951.01,1265,2.4,1100.16,7,7.309485896863194,-0.54
2318,Very satisfied with the purchase and product quality.,Positive,0,Clothing,2312.03,1099.22,925,4.7,1212.81,8,52.45644845617105,0.354
906,The product did not work as expected.,Negative,1,Sports & Fitness,3369.07,2504.17,147,2.2,864.9,7,25.671683654196947,-0.782
64,The product is okay and works as described.,Neutral,1,Mobile Accessories,666.67,588.99,1785,3.5,77.68,8,11.652199646000273,-0.223
634,Good quality and works exactly as expected.,Positive,1,Toys & Games,1036.95,699.16,1019,4.6,337.79,7,32.57527913723883,0.687
1591,I liked the quality and would consider buying again.,Positive,1,Beauty,3708.56,2848.27,346,4.2,860.29,9,23.197288528233578,0.429
2117,Good quality and works exactly as expected.,Positive,0,Toys & Games,411.31,363.92,18356,3.7,47.39,7,11.522082395175062,0.715
1037,It works reasonably well but has some limitations.,Neutral,1,Beauty,1823.05,1279.71,274,3.8,543.34,8,29.804027807925028,0.26
19,The quality is acceptable but could be improved.,Neutral,1,Computers & Accessories,11656.86,7514.76,898,4.7,4142.1,8,35.533572652168914,-0.001
836,The product quality is disappointing and needs improvement.,Negative,0,Office Products,2461.88,2087.84,9580,2.2,374.04,8,15.193073196060155,-0.787
1510,Decent product for the price with average performance.,Neutral,0,Beauty,2689.87,1533.21,4931,3.5,1156.66,8,43.00076168949239,-0.111
2304,Great value for money and good overall performance.,Positive,1,Beauty,3072.49,1647.12,1181,3.9,1425.37,8,46.391502493842935,0.935
1733,Good quality and works exactly as expected.,Positive,0,Office Products,3751.82,3721.03,581,4.8,30.79,7,0.820757440521426,0.676
2171,The product did not work as expected.,Negative,1,Home & Kitchen,8506.59,5997.24,2541,3.1,2509.35,7,29.49892628188303,-0.525
142,The quality is acceptable but could be improved.,Neutral,0,Beauty,2343.81,1229.22,1650,3.1,1114.59,8,47.55482278258293,0.133
1738,The product is okay and works as described.,Neutral,1,Books,1864.93,832.74,1647,4.2,1032.19,8,55.34741921964346,0.265
2478,Good quality and works exactly as expected.,Positive,1,Office Products,3358.24,1075.35,2893,4.6,2282.89,7,67.97864216247939,0.792
2398,The product did not work as expected.,Negative,0,Sports & Fitness,6902.3,5829.39,2826,2.7,1072.91,7,15.544204072005694,-0.76
1978,I liked the quality and would consider buying again.,Positive,1,Mobile Accessories,719.29,270.86,5405,4.2,448.43,9,62.34314153479824,0.951
1625,Average product with acceptable quality.,Neutral,0,Toys & Games,5818.58,4045.21,729,2.9,1773.37,5,30.477740641920448,-0.232
1854,The quality is poor and the product has several issues.,Negative,1,Electronics,13696.7,8225.64,943,2.6,5471.06,10,39.94433902131734,-0.56
2150,Decent product for the price with average performance.,Neutral,1,Mobile Accessories,2330.9,2142.77,2278,2.8,188.13,8,8.071197326459576,0.273
668,I expected better performance for the price.,Negative,1,Clothing,5198.09,3463.51,578,2.9,1734.58,7,33.369479211857794,-0.735
929,Not satisfied with the performance of this product.,Negative,1,Home & Kitchen,11356.41,5349.24,6319,3.4,6007.17,8,52.89676178592249,-0.705
1961,It works reasonably well but has some limitations.,Neutral,1,Toys & Games,1124.24,244.34,750,3.1,879.9,8,78.26642798993115,0.238
681,Decent product for the price with average performance.,Neutral,1,Office Products,2803.5,2549.01,3793,4.5,254.49,8,9.077737762805423,0.55
2029,It works reasonably well but has some limitations.,Neutral,1,Mobile Accessories,989.07,858.38,84,4.1,130.69,8,13.21293941927405,0.262
586,The product quality is disappointing and needs improvement.,Negative,0,Mobile Accessories,4167.24,3204.21,624,2.1,963.03,8,23.10959017437788,-1.0
1001,Decent product for the price with average performance.,Neutral,1,Office Products,177.79,102.51,854,3.6,75.28,8,42.34243150664771,0.364
2362,Decent product for the price with average performance.,Neutral,0,Computers & Accessories,15056.42,10989.04,933,3.9,4067.38,8,27.014256634411183,-0.166
267,"The product is usable, although the experience is ordinary.",Neutral,1,Clothing,3589.99,538.5,3510,3.6,3051.49,9,85.0,-0.096
1931,The product is not very reliable and I would not recommend it.,Negative,1,Sports & Fitness,1206.78,962.08,3062,2.5,244.7,12,20.277443487494345,-0.285
208,The product is not very reliable and I would not recommend it.,Negative,1,Office Products,3657.25,2279.54,6162,2.8,1377.71,12,37.670780437285885,-0.607
602,Excellent product and very useful for daily use.,Positive,1,Electronics,5820.62,3748.61,1506,4.2,2072.01,8,35.5977883920342,0.761
216,The product did not work as expected.,Negative,0,Toys & Games,304.1,138.15,398,3.0,165.95,7,54.5706577183457,-0.51
2342,Good quality and works exactly as expected.,Positive,1,Mobile Accessories,833.94,666.6,798,4.8,167.34,7,20.066424555860713,0.914
1035,Average product with acceptable quality.,Neutral,1,Home & Kitchen,1856.5,1265.04,6428,3.7,591.46,5,31.85876813034128,0.038
628,Not satisfied with the performance of this product.,Negative,1,Home & Kitchen,2784.0,1756.97,354,2.6,1027.03,8,36.890304185952914,-0.656
2059,Great value for money and good overall performance.,Positive,1,Sports & Fitness,5014.23,2756.96,925,4.3,2257.27,8,45.01733816358389,0.532
51,Decent product for the price with average performance.,Neutral,1,Computers & Accessories,15293.18,5475.0,12443,3.3,9818.18,8,64.19975278130272,0.138
1833,Great value for money and good overall performance.,Positive,1,Clothing,2516.74,859.29,1826,4.8,1657.45,8,65.85706758620807,0.605
2290,The quality is poor and the product has several issues.,Negative,0,Books,2277.14,1911.83,292,3.4,365.31,10,16.04266398528448,-1.0
1287,The product is not very reliable and I would not recommend it.,Negative,1,Beauty,4704.24,3527.26,3341,2.2,1176.98,12,25.019559718964615,-0.74
2126,Good quality and works exactly as expected.,Positive,0,Sports & Fitness,9850.26,8325.24,861,4.8,1525.02,7,15.481992347602553,0.536
1355,Decent product for the price with average performance.,Neutral,0,Toys & Games,3852.25,3396.2,1408,3.9,456.05,8,11.838572062111623,0.242
1920,The quality is acceptable but could be improved.,Neutral,0,Home & Kitchen,6105.49,1767.38,2310,3.1,4338.11,8,71.05265238286215,-0.102
1208,I liked the quality and would consider buying again.,Positive,1,Home & Kitchen,6684.2,4160.33,189,4.2,2523.87,9,37.75876389238229,0.582
2075,It works reasonably well but has some limitations.,Neutral,1,Office Products,112.62,54.83,3882,3.6,57.79,8,51.31695385867512,0.451
2022,It works reasonably well but has some limitations.,Neutral,1,Electronics,9618.87,8722.62,3096,4.4,896.25,8,9.317655453015966,0.183
1799,Very satisfied with the purchase and product quality.,Positive,0,Electronics,2494.97,1693.74,250,4.0,801.23,8,32.11365410155721,0.674
786,I expected better performance for the price.,Negative,1,Office Products,1214.63,1162.18,2868,3.1,52.45,7,4.318449305917063,-0.65
995,"The product is usable, although the experience is ordinary.",Neutral,1,Mobile Accessories,4727.25,3199.95,899,4.0,1527.3,9,32.30848420308852,-0.078
2134,Average product with acceptable quality.,Neutral,1,Toys & Games,4319.28,4303.01,2141,3.4,16.27,5,0.376606983085054,0.036
733,The product is okay and works as described.,Neutral,1,Books,777.24,429.79,220,3.3,347.45,8,44.703540449236215,-0.212
1624,Good quality and works exactly as expected.,Positive,1,Home & Kitchen,6727.91,4758.07,4927,4.6,1969.84,7,29.278625424451672,0.629
1699,"The product is reliable, useful and worth the price.",Positive,0,Electronics,15804.69,9922.96,1942,4.8,5881.73,9,37.215078065658275,0.34
365,I expected better performance for the price.,Negative,0,Electronics,17457.63,15706.75,149,2.2,1750.88,7,10.029329012578252,-0.456
1527,Good quality and works exactly as expected.,Positive,1,Computers & Accessories,17483.63,10230.18,993,4.4,7253.45,7,41.487101044650544,1.0
1489,Very satisfied with the purchase and product quality.,Positive,1,Computers & Accessories,7525.11,3309.62,10299,4.0,4215.49,8,56.01903416470596,0.612
1715,The product is okay and works as described.,Neutral,0,Clothing,5251.52,3655.98,4771,3.3,1595.54,8,30.382408684572237,0.112
1724,The product is okay and works as described.,Neutral,0,Home & Kitchen,8641.66,5402.23,1855,4.1,3239.43,8,37.486222342841806,0.313
1227,"The product is usable, although the experience is ordinary.",Neutral,0,Beauty,4552.28,2172.6,485,3.4,2379.68,9,52.2744825741547,-0.174
2007,Average product with acceptable quality.,Neutral,0,Clothing,4354.28,2401.63,599,3.6,1952.65,5,44.8444644555616,-0.052
440,Decent product for the price with average performance.,Neutral,0,Office Products,2590.38,2142.5,1239,3.5,447.88,8,17.290109182686223,-0.55
614,Excellent product and very useful for daily use.,Positive,1,Toys & Games,1370.34,1015.78,3795,4.2,354.56,8,25.874091849178498,1.0
565,Decent product for the price with average performance.,Neutral,1,Books,999.53,526.16,652,3.2,473.37,8,47.35888352734763,-0.132
478,It works reasonably well but has some limitations.,Neutral,1,Mobile Accessories,2029.84,1261.79,430,3.7,768.05,8,37.83787031899781,-0.187
2299,The quality is acceptable but could be improved.,Neutral,0,Beauty,2460.77,2142.99,1607,3.7,317.78,8,12.91396599112544,-0.133
430,Decent product for the price with average performance.,Neutral,1,Books,1997.42,1636.92,806,3.4,360.5,8,18.048338216773494,0.057
977,Not satisfied with the performance of this product.,Negative,0,Sports & Fitness,1843.71,919.09,9001,2.0,924.62,8,50.149698370371496,-0.58
149,Great value for money and good overall performance.,Positive,1,Beauty,2050.78,928.33,626,4.7,1122.45,8,54.73262222610232,0.446
1408,Great value for money and good overall performance.,Positive,0,Office Products,3607.57,2193.86,910,4.2,1413.71,8,39.18738420413754,0.575
1042,The product is okay and works as described.,Neutral,1,Books,2489.15,1432.04,917,4.2,1057.11,8,42.46858900410483,-0.199
1539,It works reasonably well but has some limitations.,Neutral,1,Sports & Fitness,6027.15,3808.71,203,3.4,2218.44,8,36.807411039013665,0.02
1175,Average product with acceptable quality.,Neutral,1,Clothing,1437.42,781.48,6699,3.7,655.94,5,45.63316540225412,0.027
2169,The product quality is disappointing and needs improvement.,Negative,0,Books,768.39,539.8,251,2.4,228.59,8,29.748974832305613,-0.731
705,Decent product for the price with average performance.,Neutral,1,Books,1150.95,618.9,169,3.2,532.05,8,46.22737490651954,-0.123
1791,The quality is poor and the product has several issues.,Negative,1,Mobile Accessories,1208.69,321.53,711,2.7,887.16,10,73.39860818500833,-0.751
2370,The product is not very reliable and I would not recommend it.,Negative,0,Electronics,11833.68,5217.07,673,2.6,6616.61,12,55.91335904174499,-0.962
798,The product did not work as expected.,Negative,0,Computers & Accessories,9062.1,4302.33,210,2.9,4759.77,7,52.52395430906047,-0.634
1582,The product is not very reliable and I would not recommend it.,Negative,1,Computers & Accessories,15754.67,5404.61,174,3.3,10350.06,12,65.69518749495792,-0.863
503,It works reasonably well but has some limitations.,Neutral,1,Toys & Games,5882.49,3573.89,4783,4.1,2308.6,8,39.24521662091175,-0.107
1827,"The product is usable, although the experience is ordinary.",Neutral,0,Office Products,1175.23,748.63,1496,3.5,426.6,9,36.299652136225326,-0.15
328,Excellent product and very useful for daily use.,Positive,1,Clothing,4463.78,2539.19,845,4.5,1924.59,8,43.11566266812912,0.865
679,"The product is reliable, useful and worth the price.",Positive,1,Electronics,1533.79,716.99,5979,4.0,816.8,9,53.253523693716105,0.54
2001,Decent product for the price with average performance.,Neutral,0,Mobile Accessories,3691.66,2096.6,2135,3.3,1595.06,8,43.20708791897361,-0.001
2305,Excellent product and very useful for daily use.,Positive,0,Mobile Accessories,2115.17,1472.08,1579,3.8,643.09,8,30.403614061703365,0.733
831,The product did not work as expected.,Negative,1,Clothing,2611.96,1287.8,960,2.9,1324.16,7,50.69598186334708,-0.686
729,I liked the quality and would consider buying again.,Positive,1,Sports & Fitness,3448.88,2258.48,433,4.6,1190.4,9,34.515659870594426,0.588
1580,It works reasonably well but has some limitations.,Neutral,1,Toys & Games,2544.93,1588.28,1747,3.4,956.65,8,37.59027976187709,0.127
2276,I expected better performance for the price.,Negative,0,Office Products,2218.02,2218.02,1711,2.4,0.0,7,0.0,-0.668
2147,I liked the quality and would consider buying again.,Positive,1,Office Products,166.88,71.98,5938,4.8,94.9,9,56.86569865270529,0.521
1245,"The product is reliable, useful and worth the price.",Positive,0,Beauty,1495.71,806.79,3897,4.0,688.92,9,46.05972032604497,0.428
1098,I expected better performance for the price.,Negative,0,Home & Kitchen,6730.44,5214.74,465,1.2,1515.7,7,22.5201229160808,-0.708
1935,It works reasonably well but has some limitations.,Neutral,1,Office Products,2365.39,1745.78,1076,3.3,619.61,8,26.194727546937997,-0.159
1829,The product did not work as expected.,Negative,0,Home & Kitchen,4492.76,1468.44,199,3.3,3024.32,7,67.31531110916552,-0.742
1192,Great value for money and good overall performance.,Positive,1,Beauty,4655.7,3910.38,881,4.8,745.32,8,16.008705746404008,0.519
1376,The product is okay and works as described.,Neutral,1,Electronics,11830.8,4016.79,32784,3.3,7814.01,8,66.04799988904632,0.268
1701,The product did not work as expected.,Negative,1,Books,1124.15,752.64,2109,2.8,371.51,7,33.047731178321946,-0.595
222,The product is okay and works as described.,Neutral,0,Home & Kitchen,5364.31,2153.74,1770,3.2,3210.57,8,59.85064218177364,0.15
1181,It works reasonably well but has some limitations.,Neutral,1,Beauty,4249.36,4060.1,667,4.2,189.26,8,4.453792346817025,0.189
1649,Not satisfied with the performance of this product.,Negative,1,Beauty,1463.06,823.44,4663,2.8,639.62,8,43.717736320844146,-0.932
1410,The product did not work as expected.,Negative,1,Electronics,15290.43,10295.25,1379,2.7,4995.18,7,32.66869396201564,-0.945
353,Average product with acceptable quality.,Neutral,1,Mobile Accessories,4120.4,1106.89,205,4.1,3013.51,5,73.1364673073831,0.154
2245,"The product is usable, although the experience is ordinary.",Neutral,1,Toys & Games,578.62,466.4,268,3.8,112.22,9,19.393986520477974,0.43
1415,Very satisfied with the purchase and product quality.,Positive,0,Office Products,2529.18,870.71,247,4.3,1658.47,8,65.57355087804021,0.364
1452,The product is not very reliable and I would not recommend it.,Negative,0,Beauty,2369.53,851.13,1081,2.6,1518.4,12,64.08017472440318,-0.542
1013,"The product is reliable, useful and worth the price.",Positive,1,Home & Kitchen,875.73,660.69,2315,4.1,215.04,9,24.555806662181674,1.0
1632,The product is not very reliable and I would not recommend it.,Negative,1,Clothing,2791.98,2157.54,1549,3.4,634.44,12,22.723631693255804,-0.552
29,Excellent product and very useful for daily use.,Positive,1,Mobile Accessories,785.91,293.82,213,4.2,492.09,8,62.61362520746957,0.632
1075,The product did not work as expected.,Negative,0,Toys & Games,353.28,113.09,236,2.6,240.19,7,67.98785612534239,-0.928
1841,The product is not very reliable and I would not recommend it.,Negative,0,Books,1802.63,743.73,385,2.3,1058.9,12,58.74178554481176,-0.874
964,"The product is reliable, useful and worth the price.",Positive,0,Toys & Games,2507.78,1906.5,521,4.6,601.28,9,23.976733113346167,0.565
1168,Good quality and works exactly as expected.,Positive,1,Clothing,401.13,172.19,16308,4.1,228.94,7,57.07439173251751,0.607
1052,The product is not very reliable and I would not recommend it.,Negative,1,Clothing,1074.76,719.5,1081,3.0,355.26,12,33.055033414081265,-0.87
1753,Decent product for the price with average performance.,Neutral,0,Home & Kitchen,3674.08,1984.42,1136,2.9,1689.66,8,45.98853386893616,-0.214
2151,I liked the quality and would consider buying again.,Positive,1,Sports & Fitness,4862.86,4195.65,283,4.1,667.21,9,13.720482999902032,1.0
1434,I liked the quality and would consider buying again.,Positive,1,Beauty,1902.1,669.59,24838,4.2,1232.51,9,64.7975534677819,0.888
2069,I liked the quality and would consider buying again.,Positive,1,Office Products,754.05,503.38,1578,3.9,250.67,9,33.24304686001797,0.628
2250,The product quality is disappointing and needs improvement.,Negative,0,Sports & Fitness,9664.74,5024.76,258,2.7,4639.98,8,48.00933886261588,-0.755
280,"The product is usable, although the experience is ordinary.",Neutral,1,Clothing,4786.22,1897.55,3412,3.0,2888.67,9,60.35385607431333,-0.147
73,I liked the quality and would consider buying again.,Positive,0,Electronics,23699.79,15057.23,2700,4.3,8642.56,9,36.46683617666141,0.987
25,The quality is acceptable but could be improved.,Neutral,1,Mobile Accessories,950.57,623.63,9403,3.6,326.94,8,34.39359383226309,-0.208
1270,Average product with acceptable quality.,Neutral,0,Electronics,4987.69,3311.27,1219,3.1,1676.42,5,33.61119878361639,0.161
1429,"The product is reliable, useful and worth the price.",Positive,1,Home & Kitchen,1987.63,1698.5,628,4.7,289.13,9,14.546301277853551,0.48
1386,The quality is acceptable but could be improved.,Neutral,1,Computers & Accessories,5786.61,2699.71,1273,3.2,3086.9,8,53.3456331243171,0.012
424,I liked the quality and would consider buying again.,Positive,1,Mobile Accessories,4961.92,2484.99,1648,4.7,2476.93,9,49.918710437619836,0.961
1043,Decent product for the price with average performance.,Neutral,0,Sports & Fitness,5854.34,3889.78,487,3.0,1964.56,8,33.55728977887096,-0.158
2263,Very satisfied with the purchase and product quality.,Positive,1,Mobile Accessories,2739.15,2097.64,1787,5.0,641.51,8,23.42016268159917,0.782
2122,Great value for money and good overall performance.,Positive,0,Mobile Accessories,2252.97,1750.65,98,4.3,502.32,8,22.295858366852265,0.594
592,I expected better performance for the price.,Negative,1,Home & Kitchen,7586.54,1761.81,9185,2.8,5824.73,7,76.77721645863042,-0.834
1589,"The product is reliable, useful and worth the price.",Positive,1,Computers & Accessories,8150.73,4914.41,1458,4.2,3236.32,9,39.705898895654215,1.0
910,The quality is acceptable but could be improved.,Neutral,0,Toys & Games,272.58,183.47,509,3.2,89.11,8,32.69250403964544,0.292
1189,Good quality and works exactly as expected.,Positive,0,Office Products,1609.76,1609.76,440,4.1,0.0,7,0.0,0.722
1975,Not satisfied with the performance of this product.,Negative,0,Beauty,3520.02,1298.57,751,3.0,2221.45,8,63.109017270396436,-0.388
197,The quality is acceptable but could be improved.,Neutral,1,Computers & Accessories,9156.11,6542.67,28419,3.4,2613.44,8,28.5430884091532,-0.143
967,The quality is acceptable but could be improved.,Neutral,1,Computers & Accessories,1358.22,476.18,3709,3.4,882.04,8,64.94099735941869,0.204
1830,Average product with acceptable quality.,Neutral,0,Books,1296.77,1040.95,839,3.4,255.82,5,19.72740936813621,0.15
2170,The quality is poor and the product has several issues.,Negative,0,Mobile Accessories,1629.68,1373.65,1020,3.3,256.03,10,15.710323533266546,-0.618
996,Not satisfied with the performance of this product.,Negative,1,Beauty,3430.12,1334.23,1537,3.5,2095.89,8,61.102605867920275,-0.86
1459,"The product is usable, although the experience is ordinary.",Neutral,0,Sports & Fitness,7903.22,5648.5,1066,3.1,2254.72,9,28.52913248024456,-0.084
2101,I expected better performance for the price.,Negative,1,Computers & Accessories,3426.98,2727.08,1057,2.2,699.9,7,20.423308795756714,-0.541
2289,The quality is poor and the product has several issues.,Negative,1,Books,2050.16,1543.27,1768,2.9,506.89,10,24.724591154784612,-0.728
117,The product quality is disappointing and needs improvement.,Negative,0,Sports & Fitness,5982.52,3282.52,609,3.1,2700.0,8,45.13150126083117,-0.773
1802,Decent product for the price with average performance.,Neutral,1,Beauty,1358.22,907.44,1916,3.2,450.78,8,33.188950947844006,0.075
2031,Excellent product and very useful for daily use.,Positive,1,Clothing,2017.87,1310.37,2340,4.7,707.5,8,35.0616290394061,0.822
1010,Very satisfied with the purchase and product quality.,Positive,1,Toys & Games,1463.45,1097.88,435,3.6,365.57,8,24.979973658371364,0.594
2224,The product did not work as expected.,Negative,0,Toys & Games,1118.68,647.61,1627,2.0,471.07,7,42.109818869199806,-0.928
1044,Good quality and works exactly as expected.,Positive,1,Sports & Fitness,7396.57,5169.89,163,4.2,2226.68,7,30.104159493423342,0.582
848,I liked the quality and would consider buying again.,Positive,0,Electronics,6158.32,3842.3,1708,4.3,2316.02,9,37.60791088658971,0.867
499,The product did not work as expected.,Negative,0,Clothing,3119.32,2346.37,573,2.8,772.95,7,24.77931349758743,-0.61
2308,Excellent product and very useful for daily use.,Positive,1,Sports & Fitness,1465.1,1385.83,91,4.5,79.27,8,5.410217776067157,0.777
842,Great value for money and good overall performance.,Positive,1,Office Products,1264.24,569.43,202,4.6,694.81,8,54.95894500008861,0.767
1976,The quality is poor and the product has several issues.,Negative,0,Toys & Games,2538.07,1819.89,5425,2.8,718.18,10,28.296391300637183,-0.594
207,Average product with acceptable quality.,Neutral,1,Computers & Accessories,19719.0,6499.49,1259,4.2,13219.51,5,67.03943418343812,-0.014
1727,"The product is usable, although the experience is ordinary.",Neutral,0,Mobile Accessories,1036.87,735.86,1449,3.6,301.01,9,29.030392515577255,-0.457
591,I liked the quality and would consider buying again.,Positive,1,Sports & Fitness,3055.62,2472.75,1520,4.4,582.87,9,19.07539342701456,0.471
1694,The product is okay and works as described.,Neutral,1,Office Products,2280.25,1518.62,2398,3.4,761.63,8,33.40123780758616,-0.155
2055,Great value for money and good overall performance.,Positive,1,Electronics,14556.43,10035.34,5088,4.4,4521.09,8,31.059056793014463,0.879
2430,"The product is usable, although the experience is ordinary.",Neutral,0,Beauty,4123.27,2786.5,439,3.7,1336.77,9,32.42020156871199,-0.011
1413,The quality is poor and the product has several issues.,Negative,0,Sports & Fitness,9627.42,7009.53,291,1.5,2617.89,10,27.191974727490127,-0.741
559,It works reasonably well but has some limitations.,Neutral,0,Sports & Fitness,6690.01,4295.88,1177,4.2,2394.13,8,35.78662443354163,-0.25
1053,Decent product for the price with average performance.,Neutral,1,Beauty,4223.51,3789.24,407,4.1,434.27,8,10.282296582860905,0.084
1512,I expected better performance for the price.,Negative,0,Beauty,3717.52,2421.63,2257,2.5,1295.89,7,34.85910211044643,-0.731
2419,I liked the quality and would consider buying again.,Positive,1,Clothing,5853.92,5853.92,3066,4.3,0.0,9,0.0,0.84
1449,The quality is acceptable but could be improved.,Neutral,0,Sports & Fitness,8528.43,4619.03,206,3.7,3909.4,8,45.839649524850735,0.205
327,The quality is acceptable but could be improved.,Neutral,0,Beauty,4098.04,1897.44,63,4.1,2200.6,8,53.6987975484925,0.162
1104,Average product with acceptable quality.,Neutral,0,Computers & Accessories,15480.21,10138.23,114,3.3,5341.98,5,34.508438350283505,-0.34
1060,The product did not work as expected.,Negative,0,Home & Kitchen,8424.58,6161.77,389,2.7,2262.81,7,26.859661134543423,-0.819
1712,The product quality is disappointing and needs improvement.,Negative,1,Computers & Accessories,17085.38,5968.94,2842,3.3,11116.44,8,65.06404983823805,-0.782
121,Very satisfied with the purchase and product quality.,Positive,0,Computers & Accessories,4976.33,3843.52,1196,4.5,1132.81,8,22.763993311842434,0.747
2407,Very satisfied with the purchase and product quality.,Positive,1,Mobile Accessories,2814.7,2122.31,1302,4.6,692.39,8,24.598994456224787,0.593
6,The product is okay and works as described.,Neutral,1,Toys & Games,2509.48,2006.6,385,3.7,502.88,8,20.039210283620974,0.288
1009,Great value for money and good overall performance.,Positive,0,Electronics,10402.39,8581.19,1207,4.4,1821.2,8,17.50747517173572,0.79
530,It works reasonably well but has some limitations.,Neutral,0,Clothing,1413.54,1413.54,48,4.1,0.0,8,0.0,-0.199
293,"The product is usable, although the experience is ordinary.",Neutral,0,Electronics,12544.65,9218.18,697,3.9,3326.47,9,26.517040651232897,-0.076
404,Good quality and works exactly as expected.,Positive,1,Mobile Accessories,1389.4,880.82,339,4.8,508.58,7,36.60457433885128,0.926
244,The quality is poor and the product has several issues.,Negative,1,Mobile Accessories,658.7,348.6,12421,2.5,310.1,10,47.077476894591975,-0.543
735,The product quality is disappointing and needs improvement.,Negative,0,Computers & Accessories,5691.77,2378.62,485,2.8,3313.15,8,58.20956824923708,-0.501
1257,Decent product for the price with average performance.,Neutral,1,Beauty,277.81,169.62,138,3.6,108.19,8,38.94480577118457,0.113
554,The product did not work as expected.,Negative,0,Clothing,5931.51,3647.23,135,2.7,2284.28,7,38.51093271305938,-0.522
1363,I expected better performance for the price.,Negative,1,Toys & Games,1516.53,876.17,962,3.4,640.36,7,42.225043879914665,-0.771
743,Decent product for the price with average performance.,Neutral,1,Beauty,1605.68,737.74,462,3.8,867.94,8,54.05442103707108,-0.182
1300,"The product is reliable, useful and worth the price.",Positive,1,Sports & Fitness,8070.32,4846.96,11416,3.8,3223.36,9,39.940893212993174,0.68
1365,The quality is poor and the product has several issues.,Negative,0,Beauty,3733.66,2576.06,578,2.3,1157.6,10,31.004447648028627,-0.761
2103,Average product with acceptable quality.,Neutral,0,Computers & Accessories,18002.18,11059.5,2859,4.1,6942.68,5,38.56576119967645,0.128
1307,Very satisfied with the purchase and product quality.,Positive,0,Office Products,917.47,451.25,1920,3.8,466.22,8,50.81606479674994,0.943
352,I liked the quality and would consider buying again.,Positive,1,Beauty,4488.9,3872.39,1812,4.1,616.51,9,13.734127980763777,1.0
684,I liked the quality and would consider buying again.,Positive,0,Beauty,3872.77,3554.82,1225,4.3,317.95,9,8.209860370463911,0.696
92,The product is not very reliable and I would not recommend it.,Negative,0,Electronics,16937.65,10074.9,108,2.7,6862.75,12,40.517718115644385,-0.574
598,Great value for money and good overall performance.,Positive,0,Home & Kitchen,10026.66,10026.66,1541,4.2,0.0,8,0.0,0.599
2301,The quality is acceptable but could be improved.,Neutral,1,Office Products,2727.52,1663.3,658,3.6,1064.22,8,39.01788042256408,-0.034
502,Average product with acceptable quality.,Neutral,1,Sports & Fitness,2656.79,2019.96,981,3.5,636.83,5,23.969970006132158,-0.333
2351,It works reasonably well but has some limitations.,Neutral,1,Books,1535.43,1074.93,1286,3.9,460.5,8,29.9914674882829,0.126
2494,Good quality and works exactly as expected.,Positive,1,Clothing,4468.5,2498.44,539,5.0,1970.06,7,44.08769750119919,0.959
1280,Good quality and works exactly as expected.,Positive,1,Sports & Fitness,3435.22,977.31,379,4.1,2457.91,7,71.55032696434012,0.934
1673,"The product is reliable, useful and worth the price.",Positive,1,Home & Kitchen,10609.49,10159.16,1279,4.4,450.33,9,4.2445698296529955,0.895
2240,Not satisfied with the performance of this product.,Negative,1,Toys & Games,5018.07,4206.94,1071,2.6,811.13,8,16.16410481749122,-0.753
538,Excellent product and very useful for daily use.,Positive,1,Electronics,11693.9,9487.24,385,4.4,2206.66,8,18.870199133943927,0.746
1583,I liked the quality and would consider buying again.,Positive,1,Home & Kitchen,11833.63,6769.21,12853,4.2,5064.42,9,42.796817340324715,0.709
2036,The product quality is disappointing and needs improvement.,Negative,0,Office Products,3928.95,2210.52,594,2.2,1718.43,8,43.73766909549535,-0.616
2062,"The product is reliable, useful and worth the price.",Positive,1,Beauty,1971.3,1030.14,1324,4.3,941.16,9,47.74326372240829,0.73
1234,It works reasonably well but has some limitations.,Neutral,0,Office Products,530.84,182.74,6435,3.3,348.1,8,65.57539757970687,0.357
1574,Good quality and works exactly as expected.,Positive,1,Computers & Accessories,9260.11,6125.36,1296,3.9,3134.75,7,33.85220093384022,0.762
785,I liked the quality and would consider buying again.,Positive,1,Mobile Accessories,1141.51,1141.51,1323,4.6,0.0,9,0.0,0.722
354,Decent product for the price with average performance.,Neutral,1,Beauty,945.7,731.87,6344,3.9,213.83,8,22.610329618770592,-0.28
305,Decent product for the price with average performance.,Neutral,0,Beauty,792.76,476.8,306,2.7,315.96,8,39.855554924607866,0.02
2209,"The product is usable, although the experience is ordinary.",Neutral,0,Office Products,590.06,438.76,2587,3.5,151.3,9,25.641079078565642,0.191
639,The product is not very reliable and I would not recommend it.,Negative,1,Clothing,1062.26,378.84,1362,2.6,683.42,12,64.33655368059544,-0.887
1201,Good quality and works exactly as expected.,Positive,0,Electronics,7213.56,4768.7,470,4.0,2444.86,7,33.89249477914903,0.756
617,The product is okay and works as described.,Neutral,1,Books,1172.1,534.36,1608,3.4,637.74,8,54.40963313753295,0.088
229,The product quality is disappointing and needs improvement.,Negative,1,Electronics,24333.71,14968.49,1626,2.2,9365.22,8,38.48661531487791,-0.398
2493,It works reasonably well but has some limitations.,Neutral,1,Beauty,2392.65,1347.18,282,3.5,1045.47,8,43.69511768315601,0.01
1620,Good quality and works exactly as expected.,Positive,1,Office Products,2942.52,1689.43,1249,3.8,1253.09,7,42.58555593870527,0.901
441,Great value for money and good overall performance.,Positive,1,Books,1721.28,983.1,727,4.2,738.18,8,42.885592909732694,0.78
1725,I liked the quality and would consider buying again.,Positive,1,Electronics,13778.3,6345.15,3135,4.1,7433.15,9,53.94826761356532,0.837
1381,It works reasonably well but has some limitations.,Neutral,1,Clothing,1397.26,1163.26,3972,3.4,234.0,8,16.74713113677089,0.152
2426,Not satisfied with the performance of this product.,Negative,1,Clothing,2501.1,813.94,4148,2.4,1687.16,8,67.45659171121018,-1.0
1806,The product quality is disappointing and needs improvement.,Negative,1,Mobile Accessories,3833.14,2507.94,225,2.7,1325.2,8,34.57207593104718,-0.581
453,Not satisfied with the performance of this product.,Negative,1,Electronics,8941.25,6142.34,1773,2.3,2798.91,8,31.30334515737415,-0.521
1003,Decent product for the price with average performance.,Neutral,0,Beauty,621.67,477.6,359,3.0,144.07,8,23.17425935018243,-0.059
557,The quality is poor and the product has several issues.,Negative,0,Mobile Accessories,4206.5,1714.33,1815,2.9,2492.17,10,59.24562502831849,-0.368
319,The quality is poor and the product has several issues.,Negative,0,Mobile Accessories,3896.5,2656.63,3322,3.0,1239.87,10,31.82007514731925,-0.558
2104,The quality is acceptable but could be improved.,Neutral,0,Beauty,3163.58,2000.31,4066,2.9,1163.27,8,36.770780464496845,-0.194
2379,Not satisfied with the performance of this product.,Negative,0,Electronics,23696.57,12739.86,492,3.3,10956.71,8,46.23751686512927,-0.513
1939,The product is okay and works as described.,Neutral,1,Beauty,4928.24,4049.69,22012,3.7,878.55,8,17.82694720498442,0.432
1038,Decent product for the price with average performance.,Neutral,0,Mobile Accessories,1822.71,1510.33,9244,3.1,312.38,8,17.138454413044048,-0.034
128,I expected better performance for the price.,Negative,0,Office Products,1723.44,491.34,274,3.0,1232.1,7,71.49047652595527,-0.605
1759,It works reasonably well but has some limitations.,Neutral,0,Computers & Accessories,11765.32,5126.4,927,3.2,6638.92,8,56.42791524492639,0.16
926,I expected better performance for the price.,Negative,1,Computers & Accessories,10637.62,7240.07,6571,3.3,3397.55,7,31.93901832816173,-0.799
104,I liked the quality and would consider buying again.,Positive,1,Beauty,586.76,303.22,3550,5.0,283.54,9,48.32357262895795,0.976
464,"The product is reliable, useful and worth the price.",Positive,1,Sports & Fitness,4100.11,1828.64,5653,4.7,2271.47,9,55.40023074707288,1.0
1744,"The product is usable, although the experience is ordinary.",Neutral,0,Sports & Fitness,5268.46,2861.58,66,2.9,2406.88,9,45.684770297907065,-0.016
595,Good quality and works exactly as expected.,Positive,1,Beauty,4996.12,2889.53,6841,4.1,2106.59,7,42.164593251573926,0.794
1533,Excellent product and very useful for daily use.,Positive,1,Home & Kitchen,7020.38,5036.19,1538,3.8,1984.19,8,28.263242358258523,0.764
2052,The product did not work as expected.,Negative,0,Books,187.71,150.58,2004,2.1,37.13,7,19.77935074135228,-0.982
44,The product is okay and works as described.,Neutral,0,Sports & Fitness,4479.49,3938.56,1068,3.0,540.93,8,12.07573573737961,0.035
983,Great value for money and good overall performance.,Positive,0,Computers & Accessories,19835.35,11727.38,1072,4.1,8107.97,8,40.876388499136155,0.689
2226,The product quality is disappointing and needs improvement.,Negative,1,Clothing,5479.51,4196.46,4507,2.6,1283.05,8,23.415438893892176,-0.902
1065,Excellent product and very useful for daily use.,Positive,1,Computers & Accessories,6123.05,3564.74,277,4.2,2558.31,8,41.7816436173537,0.847
1814,The quality is poor and the product has several issues.,Negative,1,Sports & Fitness,6486.0,5432.31,1134,2.8,1053.69,10,16.245575056717595,-0.952
1006,"The product is usable, although the experience is ordinary.",Neutral,1,Computers & Accessories,6368.22,3101.64,151,3.9,3266.58,9,51.295002839678006,0.115
1943,Good quality and works exactly as expected.,Positive,1,Office Products,227.37,148.38,996,4.3,78.99,7,34.74148980255292,0.578
1480,Excellent product and very useful for daily use.,Positive,0,Books,725.34,613.04,624,4.2,112.3,8,15.483004197958692,0.929
2096,Great value for money and good overall performance.,Positive,1,Beauty,3067.31,1735.18,692,4.4,1332.13,8,43.42979495272538,0.93
2002,It works reasonably well but has some limitations.,Neutral,1,Beauty,4665.53,2578.18,356,3.8,2087.35,8,44.73986024335972,0.175
1450,Average product with acceptable quality.,Neutral,1,Books,1606.18,1283.76,207,3.0,322.42,5,20.073771638665114,-0.088
1482,"The product is usable, although the experience is ordinary.",Neutral,1,Toys & Games,1376.77,1016.38,21033,3.6,360.39,9,26.17652146990143,0.007
1616,Decent product for the price with average performance.,Neutral,1,Sports & Fitness,9374.18,3706.73,922,3.2,5667.45,8,60.45807690158603,0.274
1136,"The product is reliable, useful and worth the price.",Positive,1,Toys & Games,1190.28,1190.28,784,3.7,0.0,9,0.0,0.68
768,"The product is reliable, useful and worth the price.",Positive,0,Electronics,9930.63,7036.05,1556,3.4,2894.58,9,29.14802852032686,0.812
793,The product quality is disappointing and needs improvement.,Negative,0,Sports & Fitness,2244.07,893.48,736,2.4,1350.59,8,60.184864306782146,-0.477
2360,I liked the quality and would consider buying again.,Positive,0,Books,889.49,416.62,1289,5.0,472.87,9,53.16239098895548,0.482
1797,Excellent product and very useful for daily use.,Positive,0,Home & Kitchen,8957.32,5646.06,4021,4.3,3311.26,8,36.96712636280392,0.924
2079,"The product is reliable, useful and worth the price.",Positive,1,Sports & Fitness,3783.72,2828.47,1392,5.0,955.25,9,25.246309972447087,0.722
1707,Average product with acceptable quality.,Neutral,1,Clothing,3361.29,1911.59,104,3.1,1449.7,5,43.12941423110931,-0.305
1342,Average product with acceptable quality.,Neutral,0,Beauty,212.57,167.47,800,3.7,45.1,5,21.215777456073276,-0.143
516,I liked the quality and would consider buying again.,Positive,1,Computers & Accessories,5667.88,3147.34,473,4.1,2520.54,9,44.47051847065223,0.765
1303,Great value for money and good overall performance.,Positive,1,Clothing,3854.25,2423.84,1228,4.3,1430.41,8,37.11249534346482,0.832
648,Decent product for the price with average performance.,Neutral,1,Home & Kitchen,9750.71,4763.94,1405,2.6,4986.77,8,51.14264223454537,0.431
14,Average product with acceptable quality.,Neutral,0,Clothing,5534.87,5534.87,844,2.7,0.0,5,0.0,0.005
1748,The product is not very reliable and I would not recommend it.,Negative,0,Computers & Accessories,19551.53,19095.72,222,2.9,455.81,12,2.3313476835862943,-0.755
1194,Good quality and works exactly as expected.,Positive,1,Clothing,400.3,276.43,590,4.7,123.87,7,30.943613690717854,0.69
2257,"The product is usable, although the experience is ordinary.",Neutral,0,Toys & Games,1405.59,912.24,1408,3.6,493.35,9,35.0992474950938,0.027
861,"The product is usable, although the experience is ordinary.",Neutral,1,Sports & Fitness,1775.76,954.09,1277,3.2,821.67,9,46.27145558674143,0.062
1631,The product quality is disappointing and needs improvement.,Negative,0,Office Products,223.58,82.51,2409,2.6,141.07,8,63.09782422306371,-0.801
411,"The product is reliable, useful and worth the price.",Positive,0,Books,1375.99,1037.66,762,4.6,338.33,9,24.58822692353369,0.631
694,"The product is reliable, useful and worth the price.",Positive,0,Toys & Games,2625.24,1945.86,532,3.5,679.38,9,25.87874390163453,0.452
422,The quality is acceptable but could be improved.,Neutral,1,Electronics,6495.34,3914.45,504,3.3,2580.89,8,39.734532250794274,0.123
2435,Decent product for the price with average performance.,Neutral,1,Computers & Accessories,10735.87,6029.13,336,3.1,4706.74,8,43.841229310533166,-0.195
1786,The product is okay and works as described.,Neutral,1,Sports & Fitness,8233.55,6009.77,721,3.5,2223.78,8,27.008739013786677,-0.09
2495,"The product is reliable, useful and worth the price.",Positive,0,Mobile Accessories,678.11,334.15,2371,4.7,343.96,9,50.72329650415331,0.773
389,"The product is usable, although the experience is ordinary.",Neutral,1,Computers & Accessories,9019.22,4952.96,718,3.6,4066.26,9,45.084428207245566,0.37
199,"The product is usable, although the experience is ordinary.",Neutral,0,Books,896.99,538.8,1712,3.8,358.19,9,39.93257500708648,0.134
1751,Not satisfied with the performance of this product.,Negative,0,Home & Kitchen,3410.79,2927.8,1118,3.0,482.99,8,14.160650120999986,-0.275
1568,Good quality and works exactly as expected.,Positive,0,Mobile Accessories,4715.31,4455.89,24596,3.6,259.42,7,5.501698976322597,0.642
2393,It works reasonably well but has some limitations.,Neutral,1,Clothing,3006.9,2241.61,25122,3.5,765.29,8,25.4511206749482,-0.096
2383,The quality is poor and the product has several issues.,Negative,1,Sports & Fitness,1725.7,805.36,4597,3.0,920.34,10,53.33121259439482,-0.656
2358,Not satisfied with the performance of this product.,Negative,0,Computers & Accessories,8275.94,5696.46,86,2.1,2579.48,8,31.16841477725117,-0.83
805,I liked the quality and would consider buying again.,Positive,0,Clothing,5309.76,2678.7,881,4.5,2631.06,9,49.55144345051303,0.82
184,Decent product for the price with average performance.,Neutral,1,Books,2159.0,1657.5,75,3.2,501.5,8,23.228170143743434,0.201
156,The quality is acceptable but could be improved.,Neutral,1,Toys & Games,1617.02,706.41,1004,3.2,910.61,8,56.31413745672721,0.117
2043,The product is not very reliable and I would not recommend it.,Negative,1,Clothing,1716.85,1434.45,3518,2.0,282.4,12,16.448874325249346,-0.929
2487,I liked the quality and would consider buying again.,Positive,0,Sports & Fitness,9682.94,9009.83,466,4.7,673.11,9,6.951501655764051,0.868
1588,Not satisfied with the performance of this product.,Negative,0,Toys & Games,2536.07,1082.68,2012,2.6,1453.39,8,57.308740583629316,-0.494
501,Very satisfied with the purchase and product quality.,Positive,1,Books,2330.58,2136.89,855,4.0,193.69,8,8.311014631343426,0.929
189,Very satisfied with the purchase and product quality.,Positive,0,Mobile Accessories,3122.57,1830.96,2568,4.0,1291.61,8,41.36353485047322,0.55
1819,Very satisfied with the purchase and product quality.,Positive,1,Sports & Fitness,5782.17,2735.06,638,4.7,3047.11,8,52.69834342008145,0.894
1966,Very satisfied with the purchase and product quality.,Positive,1,Home & Kitchen,6323.49,1001.93,3834,4.4,5321.56,8,84.15545631069266,0.889
2003,The product did not work as expected.,Negative,0,Office Products,3690.41,2864.25,2166,2.2,826.16,7,22.38678511599977,-0.557
410,The product is not very reliable and I would not recommend it.,Negative,0,Books,2000.34,1152.53,1345,2.5,847.81,12,42.383537970544154,-0.808
1490,Excellent product and very useful for daily use.,Positive,0,Electronics,3280.05,1606.7,1184,4.5,1673.35,8,51.016103182499975,0.544
839,The product quality is disappointing and needs improvement.,Negative,0,Toys & Games,1504.82,931.51,1455,2.4,573.31,8,38.09817143242015,-0.8
407,The product is not very reliable and I would not recommend it.,Negative,0,Clothing,3327.05,2917.39,4564,3.2,409.66,12,12.312865952798859,-0.77
1465,The quality is poor and the product has several issues.,Negative,0,Computers & Accessories,19382.07,13092.72,2946,2.7,6289.35,10,32.44933757591227,-0.605
505,It works reasonably well but has some limitations.,Neutral,1,Clothing,2859.21,1705.53,262,3.8,1153.68,8,40.3495945504035,0.019
1758,I liked the quality and would consider buying again.,Positive,1,Books,1951.39,1219.92,1931,4.5,731.47,9,37.484390915551586,0.909
1295,It works reasonably well but has some limitations.,Neutral,0,Home & Kitchen,4273.09,3515.4,1740,3.0,757.69,8,17.731579542836794,0.147
1200,Decent product for the price with average performance.,Neutral,1,Home & Kitchen,10770.84,5713.7,6174,3.1,5057.14,8,46.95217733607471,-0.125
1513,"The product is reliable, useful and worth the price.",Positive,1,Home & Kitchen,4770.63,3130.38,505,4.1,1640.25,9,34.38215819686254,0.759
119,The product did not work as expected.,Negative,0,Toys & Games,297.15,116.49,912,3.3,180.66,7,60.7983223504355,-0.795
968,Excellent product and very useful for daily use.,Positive,1,Sports & Fitness,9202.0,6077.55,3513,4.7,3124.45,8,33.954083250594536,0.642
2306,The product did not work as expected.,Negative,1,Sports & Fitness,3355.24,1817.69,2119,3.1,1537.55,7,45.82520678750167,-0.61
276,The product quality is disappointing and needs improvement.,Negative,0,Books,288.07,151.6,355,2.3,136.47,8,47.374307089953305,-0.356
1251,Great value for money and good overall performance.,Positive,1,Mobile Accessories,4492.43,3737.51,4587,4.5,754.92,8,16.80430017678892,0.713
2175,"The product is usable, although the experience is ordinary.",Neutral,1,Sports & Fitness,7265.31,2499.12,2027,4.2,4766.19,9,65.6019788486497,-0.017
1023,Excellent product and very useful for daily use.,Positive,1,Computers & Accessories,7761.79,4514.14,2967,3.9,3247.65,8,41.84155063446625,0.454
935,"The product is reliable, useful and worth the price.",Positive,1,Office Products,1414.02,1290.4,37,4.5,123.62,9,8.742323343329044,0.878
731,"The product is reliable, useful and worth the price.",Positive,0,Toys & Games,803.81,314.5,703,4.2,489.31,9,60.874126091006914,0.864
2356,The product quality is disappointing and needs improvement.,Negative,0,Office Products,3476.64,2423.36,38,2.1,1053.28,8,30.29591041181626,-0.357
1470,Great value for money and good overall performance.,Positive,0,Computers & Accessories,3683.51,2931.65,8595,4.2,751.86,8,20.4114240181244,0.518
1080,Good quality and works exactly as expected.,Positive,0,Electronics,14968.71,13853.4,22301,4.6,1115.31,7,7.450973824502185,0.612
8,The product quality is disappointing and needs improvement.,Negative,1,Toys & Games,3216.06,2309.94,7120,3.4,906.12,8,28.17482417769406,-0.65
1209,I expected better performance for the price.,Negative,0,Toys & Games,846.94,541.29,2910,3.0,305.65,7,36.08843019935703,-0.543
575,I liked the quality and would consider buying again.,Positive,1,Computers & Accessories,2824.05,2797.53,2290,3.9,26.52,9,0.9389403040036939,0.894
1572,Decent product for the price with average performance.,Neutral,1,Beauty,4696.45,3118.26,4972,3.7,1578.19,8,33.60397527008145,0.014
854,I expected better performance for the price.,Negative,0,Books,680.04,399.41,299,2.6,280.63,7,41.26680068720898,-0.492
277,Very satisfied with the purchase and product quality.,Positive,1,Office Products,1884.26,1391.53,1211,3.6,492.73,8,26.149919773740507,0.458
2408,The product did not work as expected.,Negative,0,Sports & Fitness,6841.84,3899.45,1586,2.7,2942.39,7,43.005879998078306,-0.594
1228,Excellent product and very useful for daily use.,Positive,1,Books,2398.05,1299.56,2464,4.3,1098.49,8,45.80766880340657,0.758
775,Very satisfied with the purchase and product quality.,Positive,0,Computers & Accessories,12215.16,5099.93,1472,4.8,7115.23,8,58.24920335824558,0.726
1061,The product did not work as expected.,Negative,1,Sports & Fitness,6312.73,4608.85,5792,2.0,1703.88,7,26.991136329003396,-0.57
1835,I liked the quality and would consider buying again.,Positive,1,Toys & Games,252.88,181.17,815,4.9,71.71,9,28.358449334681538,0.892
1963,Average product with acceptable quality.,Neutral,0,Office Products,3565.83,2688.97,1181,3.5,876.86,5,24.590509439795753,-0.21
2324,The product quality is disappointing and needs improvement.,Negative,1,Office Products,1304.19,1212.05,202,2.8,92.14,8,7.064658138850149,-0.332
1868,Very satisfied with the purchase and product quality.,Positive,0,Clothing,4026.08,2517.49,2048,3.8,1508.59,8,37.4704190918028,0.735
1103,The product did not work as expected.,Negative,1,Office Products,314.8,242.58,1854,2.4,72.22,7,22.9410048159424,-0.742
188,The product is okay and works as described.,Neutral,1,Clothing,5349.41,2921.06,285,3.6,2428.35,8,45.394659578309614,0.55
2009,Excellent product and very useful for daily use.,Positive,1,Office Products,3661.01,2554.73,2928,4.2,1106.28,8,30.21781878483551,0.13
376,Very satisfied with the purchase and product quality.,Positive,1,Beauty,2361.27,1919.33,945,4.3,441.94,8,18.716023652554068,0.872
1809,The quality is poor and the product has several issues.,Negative,1,Electronics,14400.64,3713.94,1139,2.5,10686.7,10,74.20986725042846,-0.345
350,The product quality is disappointing and needs improvement.,Negative,0,Beauty,1497.82,903.73,1951,3.9,594.09,8,39.66380078079745,-1.0
351,Good quality and works exactly as expected.,Positive,0,Home & Kitchen,4712.4,4162.48,312,3.6,549.92,7,11.669583822929102,0.827
2086,The product is okay and works as described.,Neutral,1,Beauty,3116.28,1212.42,977,3.5,1903.86,8,61.09398016170593,-0.08
1941,Not satisfied with the performance of this product.,Negative,0,Toys & Games,1108.16,925.1,2750,2.8,183.06,8,16.5196751535301,-1.0
1807,The product is okay and works as described.,Neutral,0,Electronics,3879.64,1981.96,1713,3.4,1897.68,8,48.91378992739202,-0.186
1138,Good quality and works exactly as expected.,Positive,0,Clothing,1499.68,919.81,297,4.0,579.87,7,38.666493262075704,0.793
607,The product quality is disappointing and needs improvement.,Negative,1,Sports & Fitness,2360.76,2277.71,55,2.6,83.05,8,3.5180364023547632,-1.0
238,"The product is reliable, useful and worth the price.",Positive,0,Clothing,5687.35,2959.62,1769,3.9,2727.73,9,47.96127252879613,0.656
547,"The product is reliable, useful and worth the price.",Positive,1,Clothing,4559.44,3537.75,630,4.6,1021.69,9,22.408298845159095,0.842
1196,The product is okay and works as described.,Neutral,1,Toys & Games,700.9,698.21,14068,3.7,2.69,8,0.3834444822784704,-0.081
1842,The product is okay and works as described.,Neutral,1,Books,2377.17,844.41,1017,4.2,1532.76,8,64.4784505398506,0.018
2437,Very satisfied with the purchase and product quality.,Positive,1,Books,1717.1,769.67,2271,4.4,947.43,8,55.17589476068308,0.465
1520,"The product is usable, although the experience is ordinary.",Neutral,1,Sports & Fitness,3801.33,2430.86,1136,3.7,1370.47,9,36.0525061578433,-0.231
1774,Decent product for the price with average performance.,Neutral,1,Clothing,4014.54,2363.38,517,3.3,1651.16,8,41.129552738498724,0.18
2256,I expected better performance for the price.,Negative,0,Computers & Accessories,13536.1,10032.28,780,2.3,3503.82,7,25.885031340338514,-1.0
806,"The product is usable, although the experience is ordinary.",Neutral,0,Computers & Accessories,11898.75,6714.34,72,3.1,5184.41,9,43.57101050482713,0.026
624,Not satisfied with the performance of this product.,Negative,0,Office Products,1350.49,1167.67,370,2.7,182.82,8,13.537576548362171,-0.753
2065,Average product with acceptable quality.,Neutral,1,Office Products,1766.78,1437.96,3365,3.5,328.82,5,18.611490420995757,0.114
1281,Great value for money and good overall performance.,Positive,1,Office Products,853.94,546.39,4218,4.2,307.55,8,36.01582303625355,0.33
158,Average product with acceptable quality.,Neutral,1,Mobile Accessories,3517.18,1947.31,412,2.9,1569.87,5,44.6342559380884,-0.064
1630,It works reasonably well but has some limitations.,Neutral,1,Sports & Fitness,977.07,494.27,3263,3.2,482.8,8,49.413273258276064,-0.149
1033,Good quality and works exactly as expected.,Positive,1,Beauty,210.28,182.5,949,4.8,27.78,7,13.211508916619803,0.599
814,The quality is poor and the product has several issues.,Negative,0,Books,1992.89,1387.95,207,2.8,604.94,10,30.354717398846986,-0.833
194,"The product is usable, although the experience is ordinary.",Neutral,0,Mobile Accessories,4434.72,2813.44,520,2.9,1621.28,9,36.55875961123958,0.238
1570,The product quality is disappointing and needs improvement.,Negative,0,Beauty,3449.28,1892.98,569,3.3,1556.3,8,45.11946065125511,-0.846
1866,Great value for money and good overall performance.,Positive,0,Office Products,2227.85,853.82,571,4.9,1374.03,8,61.67534787312019,0.541
712,I expected better performance for the price.,Negative,0,Home & Kitchen,10153.22,8183.02,1959,3.3,1970.2,7,19.404703216460824,-0.815
1638,"The product is reliable, useful and worth the price.",Positive,0,Electronics,6887.94,6161.16,441,4.6,726.78,9,10.551516851356105,0.764
230,The product is okay and works as described.,Neutral,1,Electronics,24244.55,9313.58,448,3.5,14930.97,8,61.58483692570399,-0.073
927,The product is not very reliable and I would not recommend it.,Negative,1,Toys & Games,1896.84,525.1,362,2.3,1371.74,12,72.31722305699513,-0.589
1949,Not satisfied with the performance of this product.,Negative,0,Mobile Accessories,3848.06,3167.12,2813,2.4,680.94,8,17.69560869234475,-0.659
757,The quality is poor and the product has several issues.,Negative,0,Electronics,18755.99,15553.52,133,3.0,3202.47,10,17.074372542585092,-0.844
459,The product quality is disappointing and needs improvement.,Negative,1,Toys & Games,362.11,216.45,62,3.1,145.66,8,40.225195437306866,-0.827
2336,I expected better performance for the price.,Negative,0,Electronics,14035.3,10081.56,8,2.5,3953.74,7,28.170006160512834,-0.56
1621,Not satisfied with the performance of this product.,Negative,0,Clothing,405.87,176.23,1453,2.1,229.64,8,56.578780872391775,-0.841
683,Excellent product and very useful for daily use.,Positive,1,Beauty,185.67,141.37,134,4.1,44.3,8,23.859857268388875,0.854
143,Decent product for the price with average performance.,Neutral,0,Computers & Accessories,8256.96,4745.76,4855,4.0,3511.2,8,42.524067333840954,-0.035
1481,Decent product for the price with average performance.,Neutral,0,Books,2338.44,1276.08,6054,4.0,1062.36,8,45.43013079552001,-0.247
1395,The quality is poor and the product has several issues.,Negative,1,Office Products,862.01,727.09,3674,3.3,134.92,10,15.651619217598185,-0.867
1343,I liked the quality and would consider buying again.,Positive,0,Sports & Fitness,2919.31,1816.05,541,4.3,1103.26,9,37.79168150738521,0.625
969,The product is okay and works as described.,Neutral,1,Computers & Accessories,1430.9,1046.1,3997,2.8,384.8,8,26.892240428629602,0.369
824,Average product with acceptable quality.,Neutral,0,Sports & Fitness,8361.68,2873.44,814,4.0,5488.24,5,65.63558029115612,-0.093
1296,I liked the quality and would consider buying again.,Positive,0,Computers & Accessories,14075.59,8816.79,6513,4.5,5258.8,9,37.3611046821705,0.864
1339,Excellent product and very useful for daily use.,Positive,0,Home & Kitchen,9798.87,9228.25,218,4.6,570.62,8,5.823370051116104,0.801
1114,The product did not work as expected.,Negative,0,Books,2291.86,1175.27,1383,2.8,1116.59,7,48.71967010881707,-0.632
1766,It works reasonably well but has some limitations.,Neutral,1,Clothing,5211.85,2548.55,605,4.1,2663.3,8,51.100768590557664,0.21
1059,The product is okay and works as described.,Neutral,1,Home & Kitchen,767.67,460.45,4849,3.3,307.22,8,40.01942907694145,0.004
2015,Average product with acceptable quality.,Neutral,1,Mobile Accessories,1992.18,1834.75,1013,4.3,157.43,5,7.902633344339385,0.009
2481,Excellent product and very useful for daily use.,Positive,0,Electronics,11696.89,7146.31,1834,4.5,4550.58,8,38.90418809519087,0.691
1240,Average product with acceptable quality.,Neutral,1,Home & Kitchen,7775.32,7773.9,3817,3.8,1.42,5,0.018259796976423104,-0.335
699,"The product is reliable, useful and worth the price.",Positive,1,Computers & Accessories,11313.61,9499.02,2784,4.6,1814.59,9,16.039028812193912,0.772
1338,Average product with acceptable quality.,Neutral,1,Home & Kitchen,8383.82,4736.75,554,3.4,3647.07,5,43.50130191630447,0.032
254,The product quality is disappointing and needs improvement.,Negative,0,Office Products,895.31,399.87,803,2.8,495.44,8,55.33715719691004,-0.587
898,I liked the quality and would consider buying again.,Positive,0,Home & Kitchen,9156.59,6902.72,1409,4.2,2253.87,9,24.614705043042925,0.701
268,Not satisfied with the performance of this product.,Negative,1,Clothing,5553.05,2028.93,3410,2.9,3524.12,8,63.46279281296236,-0.786
1206,The quality is poor and the product has several issues.,Negative,1,Electronics,14916.01,13145.7,418,2.9,1770.31,10,11.868513637569368,-0.725
708,I expected better performance for the price.,Negative,0,Clothing,589.55,403.89,1653,3.3,185.66,7,31.492471186049805,-0.707
778,The product is not very reliable and I would not recommend it.,Negative,0,Home & Kitchen,8231.62,3457.35,522,3.0,4774.27,12,57.99921043353771,-0.661
777,I expected better performance for the price.,Negative,1,Beauty,2135.06,2016.98,12171,3.0,118.08,7,5.530437374778611,-0.778
385,It works reasonably well but has some limitations.,Neutral,0,Toys & Games,3501.26,2599.82,1993,3.6,901.44,8,25.74612304498872,-0.55
2473,"The product is usable, although the experience is ordinary.",Neutral,1,Sports & Fitness,987.58,570.74,870,4.1,416.84,9,42.20837477253947,-0.095
672,Decent product for the price with average performance.,Neutral,1,Beauty,3707.54,1726.0,13609,3.4,1981.54,8,53.44622713310743,-0.065
801,Great value for money and good overall performance.,Positive,1,Sports & Fitness,6004.99,4300.0,2379,4.0,1704.99,8,28.392884390486582,0.49
994,Not satisfied with the performance of this product.,Negative,0,Clothing,3798.24,1522.97,235,3.0,2275.27,8,59.9032149476766,-1.0
1612,The product is not very reliable and I would not recommend it.,Negative,0,Clothing,5414.01,3453.06,627,2.2,1960.95,12,36.21990892624631,-0.97
1890,Good quality and works exactly as expected.,Positive,0,Beauty,1232.07,746.35,6271,4.0,485.72,7,39.42302943484521,0.999
1789,Not satisfied with the performance of this product.,Negative,0,Electronics,2374.65,1782.35,701,2.7,592.3,8,24.942511304118447,-0.838
1787,The quality is poor and the product has several issues.,Negative,0,Sports & Fitness,9865.2,5829.88,1147,2.8,4035.32,10,40.90463391703613,-0.49
1571,The product quality is disappointing and needs improvement.,Negative,1,Home & Kitchen,6535.06,2072.4,311,2.8,4462.66,8,68.28799957156029,-0.9
669,I liked the quality and would consider buying again.,Positive,0,Computers & Accessories,19264.05,11043.61,1726,4.2,8220.44,9,42.67244406393083,0.543
1414,Good quality and works exactly as expected.,Positive,1,Mobile Accessories,4607.19,1848.86,6575,4.3,2758.33,7,59.87017698676124,0.813
371,Good quality and works exactly as expected.,Positive,0,Home & Kitchen,2506.16,1401.51,325,4.4,1104.65,7,44.077492214169865,0.765
1803,The quality is poor and the product has several issues.,Negative,0,Electronics,5884.0,4309.45,1090,2.4,1574.55,10,26.759792061618406,-0.876
1319,Not satisfied with the performance of this product.,Negative,1,Office Products,2715.52,2597.16,2242,2.6,118.36,8,4.3587948100009015,-0.476
2395,It works reasonably well but has some limitations.,Neutral,1,Sports & Fitness,2820.75,2044.06,230,3.6,776.69,8,27.53495789760228,-0.55
1050,Excellent product and very useful for daily use.,Positive,0,Mobile Accessories,1807.55,1284.15,166,4.0,523.4,8,28.956285280072223,0.705
1214,I expected better performance for the price.,Negative,1,Office Products,3930.96,2538.41,1323,3.3,1392.55,7,35.42520714674023,-0.527
274,I expected better performance for the price.,Negative,1,Home & Kitchen,8717.04,4710.84,5784,2.8,4006.2,7,45.958310284751974,-0.911
903,Excellent product and very useful for daily use.,Positive,0,Home & Kitchen,8016.3,6368.32,574,4.1,1647.98,8,20.55791481757737,1.0
1073,The quality is acceptable but could be improved.,Neutral,1,Electronics,24643.67,13340.47,643,3.2,11303.2,8,45.866527732019364,-0.298
791,Average product with acceptable quality.,Neutral,0,Computers & Accessories,9714.06,8169.34,236,4.2,1544.72,5,15.901866207849118,0.334
2243,The product quality is disappointing and needs improvement.,Negative,1,Books,1986.81,929.65,32913,2.8,1057.16,8,53.20887218425209,-0.833
1036,"The product is usable, although the experience is ordinary.",Neutral,1,Electronics,2253.2,842.18,19813,3.4,1411.02,9,62.62300231210297,-0.138
235,I expected better performance for the price.,Negative,0,Electronics,20094.25,13884.81,838,3.7,6209.44,7,30.901595224278765,-1.0
2093,Excellent product and very useful for daily use.,Positive,0,Beauty,872.6,683.49,8176,4.4,189.11,8,21.671563932115486,0.895
1822,I expected better performance for the price.,Negative,0,Sports & Fitness,8548.84,2228.57,79,2.4,6320.27,7,73.93136319883529,-0.298
357,Great value for money and good overall performance.,Positive,1,Computers & Accessories,4761.7,3439.73,6135,4.7,1321.97,8,27.762467014155483,0.931
1409,Great value for money and good overall performance.,Positive,1,Office Products,1199.1,799.16,2782,4.2,399.94,8,33.35332210134553,0.725
2090,Decent product for the price with average performance.,Neutral,1,Office Products,3367.31,610.15,3681,4.4,2757.16,8,81.88016949923764,0.355
309,Great value for money and good overall performance.,Positive,1,Mobile Accessories,390.09,181.13,18601,4.5,208.96,8,53.567255728735915,0.733
416,Average product with acceptable quality.,Neutral,1,Books,1540.36,996.38,390,3.4,543.98,5,35.315347989639776,-0.241
1051,Excellent product and very useful for daily use.,Positive,0,Books,1130.75,928.9,481,4.1,201.85,8,17.85141494090552,0.668
2475,"The product is reliable, useful and worth the price.",Positive,1,Clothing,1105.37,674.32,105,4.2,431.05,9,38.99623399081289,0.753
2025,Decent product for the price with average performance.,Neutral,0,Office Products,1814.53,955.96,1714,3.3,858.57,8,47.316390650430456,0.22
2097,"The product is reliable, useful and worth the price.",Positive,1,Home & Kitchen,6969.97,5182.22,338,4.0,1787.75,9,25.649264287337694,0.429
434,The quality is acceptable but could be improved.,Neutral,0,Mobile Accessories,401.79,302.89,22183,3.7,98.9,8,24.61428840944219,0.287
1502,"The product is usable, although the experience is ordinary.",Neutral,0,Toys & Games,2265.94,1660.3,137,4.2,605.64,9,26.72815353819783,-0.07
315,The quality is acceptable but could be improved.,Neutral,0,Toys & Games,2996.26,2635.26,105,3.4,361.0,8,12.048323969408951,-0.009
2038,Decent product for the price with average performance.,Neutral,1,Toys & Games,5988.1,3449.99,930,3.5,2538.11,8,42.385920114325984,0.153
1027,The product is okay and works as described.,Neutral,0,Toys & Games,767.22,531.18,478,3.6,236.04,8,30.76621168963562,0.076
1131,The quality is acceptable but could be improved.,Neutral,1,Home & Kitchen,4676.66,3290.37,2145,3.7,1386.29,8,29.642741612693158,-0.348
2432,The quality is acceptable but could be improved.,Neutral,0,Electronics,23056.19,9574.9,331,3.5,13481.29,8,58.47145314601907,0.004
1107,Not satisfied with the performance of this product.,Negative,1,Mobile Accessories,4308.35,3025.88,4443,1.9,1282.47,8,29.767128510396056,-0.643
1629,Average product with acceptable quality.,Neutral,1,Home & Kitchen,8985.06,6266.41,364,3.3,2718.65,5,30.257488648482912,-0.246
2125,The quality is acceptable but could be improved.,Neutral,0,Clothing,478.09,356.85,1131,4.2,121.24,8,25.359999154946614,-0.315
2030,"The product is reliable, useful and worth the price.",Positive,1,Beauty,451.58,231.31,2725,4.4,220.27,9,48.776644768917265,0.669
1913,I liked the quality and would consider buying again.,Positive,1,Toys & Games,4735.03,4267.75,51010,4.6,467.28,9,9.868561002613859,0.722
1469,Good quality and works exactly as expected.,Positive,0,Computers & Accessories,5063.11,4149.61,441,3.9,913.5,7,18.04229257784119,0.865
2275,The quality is acceptable but could be improved.,Neutral,0,Books,1503.32,967.61,457,4.2,535.71,8,35.6350106922381,-0.476
513,Decent product for the price with average performance.,Neutral,1,Sports & Fitness,5648.84,4170.02,1071,3.3,1478.82,8,26.17926368811561,-0.256
1427,Excellent product and very useful for daily use.,Positive,1,Office Products,3382.48,2325.92,2321,4.3,1056.56,8,31.23624528764207,0.989
448,Excellent product and very useful for daily use.,Positive,1,Office Products,1521.84,1413.49,8260,3.8,108.35,8,7.119820881075658,1.0
428,The product quality is disappointing and needs improvement.,Negative,1,Beauty,2270.74,1523.48,2197,1.9,747.26,8,32.908426728825184,-0.43
1994,The quality is acceptable but could be improved.,Neutral,0,Toys & Games,2352.18,2196.93,1422,3.5,155.25,8,6.600388452826671,0.051
580,"The product is usable, although the experience is ordinary.",Neutral,1,Toys & Games,3799.18,3114.8,228,3.6,684.38,9,18.013845146652834,-0.084
2406,Good quality and works exactly as expected.,Positive,1,Computers & Accessories,8419.53,6474.7,468,4.0,1944.83,7,23.099014140778028,0.569
1462,Good quality and works exactly as expected.,Positive,0,Home & Kitchen,8216.88,5903.22,4103,4.3,2313.66,7,28.15741349168909,0.829
2377,"The product is usable, although the experience is ordinary.",Neutral,0,Sports & Fitness,5262.62,3491.45,1230,3.8,1771.17,9,33.655697842915046,0.051
1696,Average product with acceptable quality.,Neutral,1,Mobile Accessories,2102.53,1766.5,211,3.5,336.03,5,15.982204146525032,-0.08
82,Not satisfied with the performance of this product.,Negative,1,Computers & Accessories,17372.27,11848.62,1694,2.7,5523.65,8,31.795772942158575,-0.546
1120,Decent product for the price with average performance.,Neutral,1,Computers & Accessories,7136.27,7136.27,550,2.9,0.0,8,0.0,0.158
438,I liked the quality and would consider buying again.,Positive,0,Clothing,1959.2,1386.79,5544,4.1,572.41,9,29.21637824452672,0.871
1186,It works reasonably well but has some limitations.,Neutral,1,Office Products,3266.73,2658.87,3617,3.3,607.86,8,18.6074469434213,0.142
308,I liked the quality and would consider buying again.,Positive,1,Electronics,24690.51,22561.18,3613,4.0,2129.33,9,8.624080951717868,0.928
692,I liked the quality and would consider buying again.,Positive,0,Home & Kitchen,7286.31,4566.55,6874,4.1,2719.76,9,37.326970117291175,0.817
938,The product did not work as expected.,Negative,0,Office Products,3521.24,2112.21,23240,2.4,1409.03,7,40.01519778684439,-0.639
989,The quality is poor and the product has several issues.,Negative,0,Clothing,4788.2,3848.18,682,3.5,940.02,10,19.631995507964568,-0.811
1325,Average product with acceptable quality.,Neutral,1,Books,501.81,361.24,1052,3.6,140.57,5,28.01229777522108,0.093
1852,Very satisfied with the purchase and product quality.,Positive,1,Clothing,1173.45,896.68,2940,4.1,276.77,8,23.586247793919238,0.792
1937,I expected better performance for the price.,Negative,0,Home & Kitchen,4228.43,1450.59,1555,2.9,2777.84,7,65.69432549691544,-0.691
1962,The product is okay and works as described.,Neutral,1,Computers & Accessories,19865.02,18351.27,299,3.0,1513.75,8,7.620159600509737,0.203
2140,Good quality and works exactly as expected.,Positive,1,Sports & Fitness,9986.6,5655.55,419,3.9,4331.05,7,43.368643173711895,0.666
2061,Good quality and works exactly as expected.,Positive,0,Beauty,2906.95,1451.13,567,4.0,1455.82,7,50.080726211322656,0.822
2112,The product is okay and works as described.,Neutral,0,Office Products,2840.22,506.28,2067,3.4,2333.94,8,82.1744653930059,-0.005
723,The product did not work as expected.,Negative,0,Toys & Games,3737.64,3274.86,2753,3.2,462.78,7,12.381598834736018,-0.906
2013,Good quality and works exactly as expected.,Positive,1,Electronics,10791.23,4848.25,478,4.2,5942.98,7,55.07231180241666,0.783
671,Average product with acceptable quality.,Neutral,0,Clothing,3653.19,2159.72,700,3.5,1493.47,5,40.88131726381705,0.208
2124,Good quality and works exactly as expected.,Positive,1,Beauty,3705.46,2978.91,5829,4.3,726.55,7,19.60760232555714,0.762
2311,The quality is acceptable but could be improved.,Neutral,1,Office Products,3750.67,2958.1,74,3.9,792.57,8,21.131543741737516,0.279
65,Not satisfied with the performance of this product.,Negative,1,Office Products,1410.37,1315.45,359,1.9,94.92,8,6.730485180898221,-0.748
1566,Excellent product and very useful for daily use.,Positive,0,Computers & Accessories,935.15,813.64,1102,4.3,121.51,8,12.994042674005623,0.821
266,I liked the quality and would consider buying again.,Positive,1,Electronics,15656.87,9351.73,317,4.5,6305.14,9,40.27076237248839,0.576
183,Average product with acceptable quality.,Neutral,0,Toys & Games,4626.68,3380.86,4535,3.5,1245.82,5,26.926971710185484,0.377
900,Good quality and works exactly as expected.,Positive,0,Sports & Fitness,4593.68,1540.04,210,4.7,3053.64,7,66.4747787866308,0.876
1928,Excellent product and very useful for daily use.,Positive,1,Books,1007.61,808.88,4365,3.7,198.73,8,19.722670141198936,0.817
847,Great value for money and good overall performance.,Positive,1,Sports & Fitness,8284.36,5000.86,3735,4.1,3283.5,8,39.63491166860844,0.808
1352,Decent product for the price with average performance.,Neutral,1,Home & Kitchen,8913.61,2036.48,1145,3.4,6877.13,8,77.15312825063383,-0.286
904,The product is okay and works as described.,Neutral,1,Home & Kitchen,3300.39,2838.24,2307,3.0,462.15,8,14.002760230339863,0.097
2050,The product is okay and works as described.,Neutral,0,Computers & Accessories,16600.4,6784.26,1751,3.1,9816.14,8,59.131924386612845,-0.081
799,I liked the quality and would consider buying again.,Positive,0,Electronics,16123.94,8919.0,655,4.2,7204.94,9,44.684764139997796,0.562
1361,I expected better performance for the price.,Negative,1,Clothing,1963.58,1175.99,1024,2.7,787.59,7,40.10985968324478,-1.0
1773,Great value for money and good overall performance.,Positive,0,Books,921.17,697.95,704,4.6,223.22,8,24.232013252959533,0.827
36,Not satisfied with the performance of this product.,Negative,0,Books,506.57,350.46,8241,2.9,156.11,8,30.817566863130683,-0.407
1267,The product is not very reliable and I would not recommend it.,Negative,1,Beauty,784.04,639.24,3748,4.0,144.8,12,18.46857809325417,-0.613
386,The product is not very reliable and I would not recommend it.,Negative,1,Sports & Fitness,2997.27,2362.12,2120,2.6,635.15,12,21.19107049741475,-0.732
907,The product quality is disappointing and needs improvement.,Negative,1,Office Products,1575.58,838.35,3845,3.3,737.23,8,46.79110048570343,-0.549
713,The product did not work as expected.,Negative,1,Sports & Fitness,6616.42,4736.29,1217,2.8,1880.13,7,28.416137509009275,-0.472
857,It works reasonably well but has some limitations.,Neutral,0,Beauty,1817.6,1053.77,113,3.9,763.83,8,42.024065819065186,0.302
1960,Not satisfied with the performance of this product.,Negative,0,Toys & Games,2765.79,1158.18,1487,3.2,1607.61,8,58.124697827918325,-1.0
2399,Excellent product and very useful for daily use.,Positive,1,Clothing,1120.35,924.01,175,4.2,196.34,8,17.52480363229059,0.857
2455,The product did not work as expected.,Negative,1,Toys & Games,2517.84,1867.14,1200,3.2,650.7,7,25.84373303396299,-0.567
16,I liked the quality and would consider buying again.,Positive,1,Mobile Accessories,1076.38,587.33,792,4.1,489.05,9,45.43441602459801,0.482
1601,I liked the quality and would consider buying again.,Positive,0,Toys & Games,4979.26,2951.13,703,4.7,2028.13,9,40.731455176406584,0.682
1345,The quality is acceptable but could be improved.,Neutral,0,Home & Kitchen,3311.66,1108.57,941,3.8,2203.09,8,66.5251201956235,-0.225
1739,Average product with acceptable quality.,Neutral,0,Office Products,567.76,461.46,2388,3.3,106.3,5,18.72247691638145,0.051
210,The product is not very reliable and I would not recommend it.,Negative,0,Office Products,238.03,186.15,1110,2.9,51.88,12,21.795284611389093,-0.564
560,The quality is poor and the product has several issues.,Negative,0,Sports & Fitness,9126.43,7253.65,4380,2.8,1872.78,10,20.52035236744323,-0.505
1613,The quality is acceptable but could be improved.,Neutral,1,Sports & Fitness,3794.88,2336.61,161,3.3,1458.27,8,38.427281599350714,-0.127
2135,The product did not work as expected.,Negative,0,Clothing,3250.01,1297.55,1872,2.6,1952.46,7,60.07559679104452,-1.0
349,The product quality is disappointing and needs improvement.,Negative,1,Mobile Accessories,2701.46,1928.5,3415,2.4,772.96,8,28.612610224339782,-0.552
2491,The product quality is disappointing and needs improvement.,Negative,1,Electronics,18899.09,15460.99,628,2.6,3438.1,8,18.191865125664542,-0.933
1359,Excellent product and very useful for daily use.,Positive,0,Beauty,4746.0,2376.9,690,3.6,2369.1,8,49.91784663322873,0.779
484,The product is not very reliable and I would not recommend it.,Negative,1,Clothing,1170.53,653.15,2177,2.2,517.38,12,44.200490738662275,-0.771
1672,The quality is poor and the product has several issues.,Negative,1,Mobile Accessories,1965.85,782.7,493,2.6,1183.15,10,60.18501807060978,-0.675
992,The product did not work as expected.,Negative,0,Sports & Fitness,7303.78,5714.9,2002,3.0,1588.88,7,21.754149201391428,-0.867
872,Average product with acceptable quality.,Neutral,0,Clothing,2201.9,1835.43,1222,3.4,366.47,5,16.64340349832215,0.338
1128,"The product is usable, although the experience is ordinary.",Neutral,1,Computers & Accessories,18451.31,14585.22,463,3.6,3866.09,9,20.952946914727168,0.022
105,Excellent product and very useful for daily use.,Positive,1,Home & Kitchen,11734.05,5541.56,1908,4.4,6192.49,8,52.77371209563632,0.857
896,Very satisfied with the purchase and product quality.,Positive,0,Home & Kitchen,11163.42,7222.38,15739,4.2,3941.04,8,35.303125285709505,0.328
711,"The product is usable, although the experience is ordinary.",Neutral,0,Clothing,3745.06,2332.27,421,3.6,1412.79,9,37.724050675395,0.128
1798,Not satisfied with the performance of this product.,Negative,0,Computers & Accessories,16688.18,9397.86,161,3.3,7290.32,8,43.685548191684575,-0.931
2035,Decent product for the price with average performance.,Neutral,0,Home & Kitchen,1394.16,843.24,954,3.8,550.92,8,39.51622319513368,0.165
1069,The product quality is disappointing and needs improvement.,Negative,0,Sports & Fitness,8952.63,6954.25,1716,2.2,1998.38,8,22.321686769308226,-0.581
2201,The product quality is disappointing and needs improvement.,Negative,0,Electronics,12246.48,9432.37,382,3.0,2814.11,8,22.978950871190968,-0.717
279,Not satisfied with the performance of this product.,Negative,0,Computers & Accessories,13520.22,11038.85,655,3.2,2481.37,8,18.35304193726586,-0.847
120,The product is not very reliable and I would not recommend it.,Negative,0,Electronics,22060.79,15275.41,1984,2.8,6785.38,12,30.757664824379596,-0.73
2153,Decent product for the price with average performance.,Neutral,0,Office Products,3721.71,3009.18,39,3.4,712.53,8,19.145213976064802,0.216
629,The quality is acceptable but could be improved.,Neutral,1,Toys & Games,5171.53,2695.95,4439,3.2,2475.58,8,47.869392002974436,0.228
1780,The product is not very reliable and I would not recommend it.,Negative,0,Mobile Accessories,3824.75,2823.34,2688,2.3,1001.41,12,26.182395168367208,-0.512
962,The product quality is disappointing and needs improvement.,Negative,1,Electronics,24969.48,3745.42,1328,2.6,21224.06,8,85.0,-0.99
1373,The product quality is disappointing and needs improvement.,Negative,0,Books,403.76,245.49,752,3.3,158.27,8,39.198956570426766,-0.74
30,The product is okay and works as described.,Neutral,1,Beauty,4309.61,2043.5,20753,3.4,2266.11,8,52.582633684452986,0.133
2233,The product is okay and works as described.,Neutral,1,Home & Kitchen,6546.26,2233.21,2155,3.1,4313.05,8,65.88570643672018,-0.499
1,Very satisfied with the purchase and product quality.,Positive,1,Office Products,1629.26,687.76,974,4.0,941.5,8,57.78685265669961,0.598
95,Excellent product and very useful for daily use.,Positive,0,Sports & Fitness,5703.08,3638.52,152,4.6,2064.56,8,36.200875566033076,0.55
1840,I liked the quality and would consider buying again.,Positive,1,Books,746.3,323.77,1793,4.0,422.53,9,56.61637839936368,0.651
2238,The quality is poor and the product has several issues.,Negative,0,Books,709.53,405.36,8573,2.3,304.17,10,42.86970782292278,-0.373
1205,"The product is usable, although the experience is ordinary.",Neutral,1,Beauty,1971.9,719.51,1354,3.5,1252.39,9,63.51193728969545,-0.212
959,It works reasonably well but has some limitations.,Neutral,1,Clothing,2130.75,1320.84,11788,4.3,809.91,8,38.010637880674665,0.193
823,The quality is poor and the product has several issues.,Negative,1,Electronics,24110.37,17163.17,1304,2.8,6947.2,10,28.81413734712398,-0.246
2374,The product is okay and works as described.,Neutral,1,Home & Kitchen,4189.34,3333.78,2476,3.2,855.56,8,20.42228572366465,0.032
1536,The product quality is disappointing and needs improvement.,Negative,1,Electronics,7124.28,4685.01,146,3.0,2439.27,8,34.23883165148192,-0.888
702,The product is okay and works as described.,Neutral,1,Electronics,16130.06,9529.99,364,3.9,6600.07,8,40.91780459214481,-0.0
1457,I expected better performance for the price.,Negative,0,Books,2430.47,1774.53,1196,2.6,655.94,7,26.988183332465383,-0.849
135,The quality is acceptable but could be improved.,Neutral,0,Mobile Accessories,783.9,369.05,337,3.6,414.85,8,52.920710215996856,0.167
62,Not satisfied with the performance of this product.,Negative,1,Office Products,1089.18,533.05,2217,2.7,556.13,8,51.05960153248108,-0.683
1091,The product is okay and works as described.,Neutral,1,Computers & Accessories,13794.57,6685.67,4458,3.7,7108.9,8,51.534014789644516,0.012
606,The product quality is disappointing and needs improvement.,Negative,1,Office Products,2725.96,2335.51,1212,2.4,390.45,8,14.323301563710345,-0.448
972,"The product is usable, although the experience is ordinary.",Neutral,0,Electronics,6586.15,4365.87,23622,3.5,2220.28,9,33.71128904892718,-0.042
2458,It works reasonably well but has some limitations.,Neutral,0,Mobile Accessories,1611.12,1201.15,4718,3.1,409.97,8,25.44652713156293,0.04
656,The quality is poor and the product has several issues.,Negative,0,Clothing,3360.77,2827.33,122,2.9,533.44,10,15.872576921507836,-0.825
773,The product is not very reliable and I would not recommend it.,Negative,0,Books,233.65,167.83,777,2.1,65.82,12,28.17222063928488,-0.775
1122,It works reasonably well but has some limitations.,Neutral,0,Sports & Fitness,8155.97,4623.7,879,4.0,3532.27,8,43.30905367723445,0.244
1320,It works reasonably well but has some limitations.,Neutral,1,Toys & Games,4921.46,1208.28,270,3.8,3713.18,8,75.44876678190087,-0.087
1605,Great value for money and good overall performance.,Positive,0,Computers & Accessories,6717.23,4951.57,3247,4.3,1765.66,8,26.28549127949497,0.675
1284,I liked the quality and would consider buying again.,Positive,1,Mobile Accessories,4208.94,3487.66,1229,4.5,721.28,9,17.136825149415493,0.801
1597,The quality is acceptable but could be improved.,Neutral,0,Beauty,253.59,128.88,1817,3.4,124.71,8,49.17674880059631,-0.256
1018,Great value for money and good overall performance.,Positive,0,Clothing,5131.18,3766.23,4566,4.1,1364.95,8,26.601189828259386,0.282
297,Decent product for the price with average performance.,Neutral,0,Toys & Games,615.98,482.34,4308,2.9,133.64,8,21.695995187333775,0.082
574,Average product with acceptable quality.,Neutral,0,Beauty,1228.71,1193.57,927,3.6,35.14,5,2.8601457002012936,-0.025
536,The product is not very reliable and I would not recommend it.,Negative,0,Toys & Games,4357.98,2168.88,521,2.6,2189.1,12,50.23188598285774,-0.586
1661,I liked the quality and would consider buying again.,Positive,0,Office Products,3111.47,2129.18,6233,4.4,982.29,9,31.569824382102976,0.78
1641,It works reasonably well but has some limitations.,Neutral,0,Beauty,255.44,80.71,1902,3.7,174.73,8,68.40308669892748,-0.099
1815,The quality is acceptable but could be improved.,Neutral,1,Electronics,20295.24,18838.49,86,4.4,1456.75,8,7.177774059946387,-0.309
936,I expected better performance for the price.,Negative,1,Clothing,4068.35,2796.72,129,3.9,1271.63,7,31.25677276067566,-0.546
1698,"The product is reliable, useful and worth the price.",Positive,0,Toys & Games,717.11,454.63,3577,5.0,262.48,9,36.60204481743224,0.827
563,The product is not very reliable and I would not recommend it.,Negative,0,Office Products,3190.99,1796.22,450,2.5,1394.77,12,43.70972909774451,-0.69
635,Excellent product and very useful for daily use.,Positive,0,Toys & Games,4914.37,3382.02,973,3.9,1532.35,8,31.181000380936393,0.563
1983,Good quality and works exactly as expected.,Positive,1,Clothing,3797.09,3652.56,1916,3.2,144.53,7,3.8064301782364858,0.892
2361,Decent product for the price with average performance.,Neutral,0,Office Products,1365.25,705.3,9742,3.3,659.95,8,48.339055058559474,0.412
1516,Not satisfied with the performance of this product.,Negative,0,Mobile Accessories,4143.93,2904.52,1574,3.2,1239.41,8,29.909049700503694,-0.956
776,Decent product for the price with average performance.,Neutral,0,Toys & Games,2892.99,708.51,5743,3.0,2184.48,8,75.50953904054677,-0.314
1968,The product is not very reliable and I would not recommend it.,Negative,0,Beauty,1736.99,1260.77,8348,3.4,476.22,12,27.41657425805878,-0.722
1628,Good quality and works exactly as expected.,Positive,1,Electronics,6544.47,4085.99,3274,4.3,2458.48,7,37.56576328798192,0.729
1977,I expected better performance for the price.,Negative,1,Toys & Games,1674.79,1175.39,1032,3.0,499.4,7,29.818788320483996,-0.752
2388,Good quality and works exactly as expected.,Positive,1,Clothing,1509.1,614.86,625,4.4,894.24,7,59.25630927408134,0.825
1121,Good quality and works exactly as expected.,Positive,0,Sports & Fitness,7604.99,5649.49,572,4.5,1955.5,7,25.71331779639126,0.826
217,Decent product for the price with average performance.,Neutral,1,Office Products,2345.52,1480.03,504,3.4,865.49,8,36.899688836735905,0.017
780,I expected better performance for the price.,Negative,0,Books,484.58,366.38,1560,3.0,118.2,7,24.39178272201142,-0.997
32,The product did not work as expected.,Negative,0,Mobile Accessories,2757.67,2329.48,1155,2.8,428.19,7,15.527255780768844,-0.504
132,"The product is usable, although the experience is ordinary.",Neutral,1,Electronics,7489.8,4353.27,53,3.7,3136.53,9,41.877415153882374,0.072
2085,Not satisfied with the performance of this product.,Negative,1,Sports & Fitness,6920.34,6463.17,3015,2.6,457.17,8,6.606117270667713,-0.856
2058,"The product is usable, although the experience is ordinary.",Neutral,1,Beauty,3674.67,3173.67,98,3.6,501.0,9,13.633948409815364,-0.159
67,The product quality is disappointing and needs improvement.,Negative,0,Books,1255.07,838.93,1595,1.7,416.14,8,33.15696064813358,-0.816
631,"The product is usable, although the experience is ordinary.",Neutral,0,Clothing,380.08,271.94,14683,4.0,108.14,9,28.451471704286448,-0.143
1293,Excellent product and very useful for daily use.,Positive,1,Clothing,2199.53,1221.29,1497,4.0,978.24,8,44.47478281798557,0.924
879,The product did not work as expected.,Negative,1,Home & Kitchen,860.52,534.36,328,3.1,326.16,7,37.90295403481743,-1.0
1947,The quality is acceptable but could be improved.,Neutral,0,Books,180.86,112.47,1575,3.4,68.39,8,37.81216895550726,0.087
1877,Great value for money and good overall performance.,Positive,1,Toys & Games,3076.87,1653.63,248,4.9,1423.24,8,46.25600290348635,0.88
205,The product quality is disappointing and needs improvement.,Negative,0,Beauty,3185.62,2165.7,165,3.5,1019.92,8,32.016329522663554,-0.945
2359,"The product is reliable, useful and worth the price.",Positive,1,Office Products,3144.12,2082.69,1531,4.1,1061.43,9,33.75908733706934,0.636
1464,The quality is poor and the product has several issues.,Negative,0,Beauty,899.16,595.72,1464,2.1,303.44,10,33.74728002052548,-0.642
2433,The product is okay and works as described.,Neutral,1,Books,851.56,696.45,4900,4.0,155.11,8,18.21478920950885,-0.266
312,Decent product for the price with average performance.,Neutral,1,Home & Kitchen,5944.79,2347.61,532,3.2,3597.18,8,60.5097842935198,0.224
1108,"The product is usable, although the experience is ordinary.",Neutral,0,Computers & Accessories,12266.23,9934.7,2247,3.3,2331.53,9,19.007736023367805,-0.105
1893,Good quality and works exactly as expected.,Positive,1,Sports & Fitness,6327.45,3083.13,221,4.6,3244.32,7,51.27377996033501,0.595
1843,Decent product for the price with average performance.,Neutral,1,Clothing,2671.26,2162.36,337,3.3,508.9,8,19.050827310738093,-0.235
102,"The product is usable, although the experience is ordinary.",Neutral,0,Mobile Accessories,769.36,610.36,885,3.4,159.0,9,20.666663642770914,0.07
851,Not satisfied with the performance of this product.,Negative,1,Mobile Accessories,531.97,453.15,3859,2.5,78.82,8,14.816452829873626,-0.612
261,Excellent product and very useful for daily use.,Positive,1,Sports & Fitness,5400.52,1674.18,829,4.7,3726.34,8,68.99960818154398,0.571
1417,The product quality is disappointing and needs improvement.,Negative,0,Beauty,3736.11,2023.88,2010,2.5,1712.23,8,45.82931328485935,-1.0
1642,The product is not very reliable and I would not recommend it.,Negative,1,Clothing,4456.62,2359.7,589,2.8,2096.92,12,47.0517713748006,-0.623
2159,The quality is acceptable but could be improved.,Neutral,1,Mobile Accessories,989.47,461.28,121,3.4,528.19,8,53.38065235782972,-0.123
1934,Not satisfied with the performance of this product.,Negative,1,Mobile Accessories,2990.35,2615.76,905,2.9,374.59,8,12.52665276406919,-0.459
1718,Decent product for the price with average performance.,Neutral,0,Electronics,3610.52,2846.06,97,2.9,764.46,8,21.17318561133294,-0.219
87,Not satisfied with the performance of this product.,Negative,1,Sports & Fitness,6268.38,3535.73,460,3.1,2732.65,8,43.59413032468794,-0.968
876,I liked the quality and would consider buying again.,Positive,0,Sports & Fitness,8862.48,6957.33,26652,4.0,1905.15,9,21.49681910430754,0.667
2459,Excellent product and very useful for daily use.,Positive,0,Electronics,13126.93,9134.2,220,4.6,3992.73,8,30.416299792045933,0.852
1781,The product quality is disappointing and needs improvement.,Negative,0,Toys & Games,5069.21,2490.56,1194,2.5,2578.65,8,50.86885915067766,-0.542
612,The product did not work as expected.,Negative,1,Clothing,2645.6,1515.99,1578,3.5,1129.61,7,42.69755274803396,-0.486
1737,"The product is usable, although the experience is ordinary.",Neutral,0,Home & Kitchen,6111.97,4637.14,1505,3.8,1474.83,9,24.13025981130793,-0.158
1902,Good quality and works exactly as expected.,Positive,1,Toys & Games,3663.49,1175.84,898,3.7,2487.65,7,67.903810722217,0.672
479,Average product with acceptable quality.,Neutral,0,Beauty,1451.29,990.45,157,3.3,460.84,5,31.753571993271176,0.021
601,Decent product for the price with average performance.,Neutral,1,Office Products,1279.36,809.57,1065,4.6,469.79,8,36.721080015212436,-0.101
779,Decent product for the price with average performance.,Neutral,0,Electronics,20094.96,8853.19,413,3.8,11241.77,8,55.94322216697998,0.088
2382,Very satisfied with the purchase and product quality.,Positive,0,Computers & Accessories,3050.27,1536.9,825,4.5,1513.37,8,49.61430719907814,0.722
1783,"The product is reliable, useful and worth the price.",Positive,0,Sports & Fitness,8427.72,7976.92,799,4.2,450.8,9,5.34897155275636,0.715
2354,"The product is reliable, useful and worth the price.",Positive,1,Sports & Fitness,6452.04,3290.69,3492,4.1,3161.35,9,48.99764233164638,0.529
703,Average product with acceptable quality.,Neutral,1,Books,2157.32,1150.73,17709,3.5,1006.59,5,46.659417738263265,0.256
55,It works reasonably well but has some limitations.,Neutral,0,Clothing,961.91,755.83,188,3.0,206.08,8,21.424361070964554,0.246
115,Great value for money and good overall performance.,Positive,0,Beauty,2607.95,1611.48,1255,4.9,996.47,8,38.20893590775783,0.669
1254,"The product is usable, although the experience is ordinary.",Neutral,1,Clothing,4569.68,2650.97,400,3.1,1918.71,9,41.987835547357804,-0.057
721,I liked the quality and would consider buying again.,Positive,1,Books,595.01,187.76,3206,4.6,407.25,9,68.44466989332976,0.979
1560,I liked the quality and would consider buying again.,Positive,1,Mobile Accessories,2177.29,1697.54,3337,4.1,479.75,9,22.034457606042604,0.866
979,I expected better performance for the price.,Negative,0,Mobile Accessories,3757.77,1467.66,490,2.9,2290.11,7,60.94324059841017,-0.637
1177,I liked the quality and would consider buying again.,Positive,1,Mobile Accessories,3184.8,2886.98,3481,4.3,297.82,9,9.351184083152116,0.849
982,"The product is reliable, useful and worth the price.",Positive,1,Home & Kitchen,8327.42,5772.09,9384,4.2,2555.33,9,30.685695688704584,1.0
1554,Excellent product and very useful for daily use.,Positive,0,Computers & Accessories,2944.18,2030.1,1543,4.1,914.08,8,31.04711841956827,0.53
1952,It works reasonably well but has some limitations.,Neutral,1,Computers & Accessories,19578.76,6192.6,535,3.1,13386.16,8,68.37084645124357,-0.268
1030,Decent product for the price with average performance.,Neutral,1,Books,889.63,571.38,1246,3.2,318.25,8,35.77371710359985,-0.318
1132,It works reasonably well but has some limitations.,Neutral,1,Beauty,4995.62,3657.9,482,4.3,1337.72,8,26.77789296094382,-0.171
2190,Great value for money and good overall performance.,Positive,1,Beauty,3110.97,1277.63,4085,5.0,1833.34,8,58.931506654468734,0.672
832,The product quality is disappointing and needs improvement.,Negative,0,Home & Kitchen,4378.44,1987.43,51,2.8,2391.01,8,54.608779624822816,-0.776
313,"The product is reliable, useful and worth the price.",Positive,1,Office Products,3860.96,2035.51,1372,4.9,1825.45,9,47.27971645087689,0.569
1048,Decent product for the price with average performance.,Neutral,1,Sports & Fitness,3529.73,2606.84,1132,3.1,922.89,8,26.146265625106402,-0.095
1938,Not satisfied with the performance of this product.,Negative,1,Office Products,388.49,237.81,359,2.4,150.68,8,38.78512315013021,-0.634
1782,The product did not work as expected.,Negative,1,Sports & Fitness,6283.35,4966.03,421,3.1,1317.32,7,20.96523472946456,-0.993
1548,The product quality is disappointing and needs improvement.,Negative,0,Toys & Games,5224.67,3371.68,2832,3.2,1852.99,8,35.46614460017496,-0.819
219,Excellent product and very useful for daily use.,Positive,1,Computers & Accessories,17544.76,14121.89,141,4.8,3422.87,8,19.509334072290336,0.717
1068,I liked the quality and would consider buying again.,Positive,0,Clothing,4328.2,3017.09,778,4.4,1311.11,9,30.292354943450228,0.339
2307,Very satisfied with the purchase and product quality.,Positive,1,Computers & Accessories,14381.92,7013.7,4349,4.1,7368.22,8,51.23254889614407,0.901
1686,The product did not work as expected.,Negative,0,Home & Kitchen,1353.36,1016.46,327,2.5,336.9,7,24.89349668566836,-0.277
251,"The product is reliable, useful and worth the price.",Positive,0,Toys & Games,1107.94,789.69,199,4.1,318.25,9,28.72489234269996,0.964
2177,Great value for money and good overall performance.,Positive,0,Beauty,844.73,515.0,1997,4.1,329.73,8,39.03394556798443,0.475
451,"The product is reliable, useful and worth the price.",Positive,1,Beauty,4381.09,2194.55,2345,4.7,2186.54,9,49.90866923709174,0.458
1929,The product is not very reliable and I would not recommend it.,Negative,1,Electronics,8454.16,4285.42,4149,2.2,4168.74,12,49.30994936101729,-0.642
953,I expected better performance for the price.,Negative,0,Office Products,1412.5,848.01,133,3.7,564.49,7,39.96386766700665,-0.537
1090,Good quality and works exactly as expected.,Positive,1,Books,1540.91,992.81,357,4.6,548.1,7,35.56959643522143,0.588
782,The product quality is disappointing and needs improvement.,Negative,1,Home & Kitchen,1599.65,904.72,3494,2.6,694.93,8,43.44241247024574,-0.897
1537,I expected better performance for the price.,Negative,1,Toys & Games,5833.64,3420.54,302,3.0,2413.1,7,41.36527528926142,-0.797
398,Decent product for the price with average performance.,Neutral,1,Computers & Accessories,16399.66,15597.68,183,4.0,801.98,8,4.890229849686648,0.054
534,Great value for money and good overall performance.,Positive,0,Electronics,4054.07,3403.85,2754,4.3,650.22,8,16.038721704470966,0.71
193,"The product is usable, although the experience is ordinary.",Neutral,1,Beauty,3638.55,3475.59,8755,3.9,162.96,9,4.478807621836758,0.128
1838,The product is not very reliable and I would not recommend it.,Negative,0,Home & Kitchen,9857.43,2477.29,860,3.7,7380.14,12,74.86883648871942,-0.767
615,It works reasonably well but has some limitations.,Neutral,1,Clothing,2809.31,2706.16,4500,3.2,103.15,8,3.6718892878321014,-0.042
2365,The quality is poor and the product has several issues.,Negative,0,Home & Kitchen,9561.41,6547.14,12459,2.7,3014.27,10,31.525350950643052,-0.756
883,The product is okay and works as described.,Neutral,0,Books,2372.83,1855.47,7200,3.2,517.36,8,21.80340695866314,0.013
2489,The product is okay and works as described.,Neutral,1,Office Products,2594.18,1851.67,828,2.8,742.51,8,28.622278076950735,-0.079
1528,The product is okay and works as described.,Neutral,0,Toys & Games,1513.5,790.48,519,3.9,723.02,8,47.7715777268788,-0.479
551,"The product is reliable, useful and worth the price.",Positive,1,Office Products,3364.82,2792.23,5611,4.5,572.59,9,17.017041360348887,0.423
1260,I liked the quality and would consider buying again.,Positive,0,Toys & Games,2529.68,1834.93,290,4.6,694.75,9,27.463869575910444,0.834
2187,Not satisfied with the performance of this product.,Negative,1,Sports & Fitness,7901.08,3755.72,1092,2.9,4145.36,8,52.46568873618719,-0.492
2021,Decent product for the price with average performance.,Neutral,0,Sports & Fitness,2159.92,1324.32,1198,3.4,835.6,8,38.686676902067695,-0.026
1004,The product quality is disappointing and needs improvement.,Negative,1,Beauty,804.96,358.16,133,3.3,446.8,8,55.50646030505381,-0.491
1658,Excellent product and very useful for daily use.,Positive,0,Mobile Accessories,1862.03,1336.55,2244,4.7,525.48,8,28.220565224670516,0.793
1246,The quality is poor and the product has several issues.,Negative,1,Toys & Games,4127.65,3634.01,140,2.5,493.64,10,11.959232938668531,-0.445
157,Good quality and works exactly as expected.,Positive,0,Computers & Accessories,17790.17,9325.5,1230,4.4,8464.67,7,47.58058223328306,0.774
1986,I liked the quality and would consider buying again.,Positive,0,Office Products,3385.14,2325.49,285,4.0,1059.65,9,31.302940623793997,0.878
43,The product did not work as expected.,Negative,1,Books,1926.74,1193.87,191,2.9,732.87,7,38.037000804856625,-0.814
472,Very satisfied with the purchase and product quality.,Positive,1,Beauty,4216.1,2433.52,1074,4.9,1782.58,8,42.280221210586646,0.586
278,The quality is poor and the product has several issues.,Negative,0,Toys & Games,4943.17,3432.76,2702,3.0,1510.41,10,30.5554484747012,-0.694
373,Excellent product and very useful for daily use.,Positive,1,Office Products,1456.59,777.45,104,3.8,679.14,8,46.625158803236474,0.531
113,The quality is acceptable but could be improved.,Neutral,1,Books,2310.77,902.22,2779,3.3,1408.55,8,60.95598467797345,-0.063
148,Excellent product and very useful for daily use.,Positive,1,Home & Kitchen,10246.45,4369.47,634,4.4,5876.98,8,57.35629920758531,0.661
1117,Good quality and works exactly as expected.,Positive,0,Sports & Fitness,9468.89,8417.13,1211,3.8,1051.76,7,11.107538161616112,0.515
1086,Decent product for the price with average performance.,Neutral,1,Computers & Accessories,11729.72,8435.68,1482,3.3,3294.04,8,28.08286351161588,0.278
891,Decent product for the price with average performance.,Neutral,1,Computers & Accessories,19041.35,10126.29,1790,3.7,8915.06,8,46.81946911825023,0.101
1056,Good quality and works exactly as expected.,Positive,1,Office Products,3081.93,1762.85,1919,4.2,1319.08,7,42.80056377631558,1.0
227,Average product with acceptable quality.,Neutral,1,Clothing,1261.95,1095.33,515,3.8,166.62,5,13.203460038257614,-0.171
821,The quality is acceptable but could be improved.,Neutral,0,Home & Kitchen,10322.24,9863.0,834,3.6,459.24,8,4.448998478710525,0.154
179,The quality is poor and the product has several issues.,Negative,0,Electronics,12006.31,6277.62,1069,2.9,5728.69,10,47.713991128722874,-0.76
1883,"The product is reliable, useful and worth the price.",Positive,1,Toys & Games,4943.62,2298.69,373,4.7,2644.93,9,53.501786419810784,0.945
2195,Excellent product and very useful for daily use.,Positive,1,Clothing,424.69,302.42,584,3.6,122.27,8,28.790107518683833,0.684
1458,Decent product for the price with average performance.,Neutral,1,Mobile Accessories,3651.66,2244.7,1968,4.3,1406.96,8,38.52933311151868,-0.186
469,The quality is acceptable but could be improved.,Neutral,1,Beauty,1049.39,464.89,3372,3.8,584.5,8,55.69876194241165,0.009
126,Decent product for the price with average performance.,Neutral,0,Mobile Accessories,3455.25,2155.61,143,3.4,1299.64,8,37.61350426465467,-0.044
337,It works reasonably well but has some limitations.,Neutral,0,Home & Kitchen,6905.01,3068.62,7705,3.6,3836.39,8,55.55953716646577,0.141
1922,The product did not work as expected.,Negative,0,Books,1805.64,1191.17,635,2.8,614.47,7,34.030674329972676,-0.678
370,The quality is poor and the product has several issues.,Negative,0,Beauty,1403.98,1136.62,7364,2.6,267.36,10,19.042986167707234,-0.776
1216,The product did not work as expected.,Negative,0,Beauty,1405.31,285.93,9527,2.4,1119.38,7,79.65382127760464,-0.784
1505,"The product is usable, although the experience is ordinary.",Neutral,0,Sports & Fitness,4085.76,2978.7,6249,3.1,1107.06,9,27.0956304507835,-0.148
137,Average product with acceptable quality.,Neutral,1,Toys & Games,3831.13,2480.88,4705,3.2,1350.25,5,35.24407145521409,0.324
834,I expected better performance for the price.,Negative,1,Beauty,388.52,155.21,136,2.9,233.31,7,60.050588049762595,-0.78
310,Great value for money and good overall performance.,Positive,1,Toys & Games,5806.46,3490.36,3209,4.3,2316.1,8,39.88837357356895,0.758
302,The quality is poor and the product has several issues.,Negative,1,Office Products,2998.76,1253.98,4255,3.0,1744.78,10,58.183404691021224,-0.597
1425,Average product with acceptable quality.,Neutral,0,Toys & Games,2347.15,823.48,7808,3.7,1523.67,5,64.91572024792342,0.335
2199,Excellent product and very useful for daily use.,Positive,1,Toys & Games,1879.25,1088.96,150,4.7,790.29,8,42.05368455417053,0.405
307,The product is okay and works as described.,Neutral,1,Beauty,2914.06,2383.65,1492,4.1,530.41,8,18.20183156655816,0.21
85,The quality is acceptable but could be improved.,Neutral,1,Clothing,4451.42,2353.97,2601,3.2,2097.45,8,47.11859879790759,-0.024
2288,The product is not very reliable and I would not recommend it.,Negative,0,Electronics,17047.2,6548.49,1684,2.6,10498.71,12,61.58615438607406,-0.676
548,Great value for money and good overall performance.,Positive,0,Electronics,10389.1,5964.94,806,5.0,4424.16,8,42.58460285892274,0.578
262,Not satisfied with the performance of this product.,Negative,0,Beauty,2769.59,2610.5,426,2.9,159.09,8,5.74420533702348,-0.607
566,The quality is acceptable but could be improved.,Neutral,1,Clothing,1253.25,654.61,451,4.1,598.64,8,47.76670876455027,-0.483
1135,The quality is acceptable but could be improved.,Neutral,0,Beauty,746.23,746.23,1080,3.2,0.0,8,0.0,0.359
358,I liked the quality and would consider buying again.,Positive,1,Toys & Games,1003.51,693.82,214,5.0,309.69,9,30.860327247340432,0.706
2200,Good quality and works exactly as expected.,Positive,1,Office Products,1354.51,1030.98,957,5.0,323.53,7,23.885133624977122,0.864
829,I expected better performance for the price.,Negative,0,Toys & Games,1630.76,890.41,3485,3.1,740.35,7,45.39883378307155,-0.395
2193,The product did not work as expected.,Negative,1,Mobile Accessories,3097.95,1890.16,5272,3.5,1207.79,7,38.9866332544796,-0.825
1144,"The product is usable, although the experience is ordinary.",Neutral,1,Mobile Accessories,3503.93,2656.12,564,3.0,847.81,9,24.196007349423816,-0.203
924,Average product with acceptable quality.,Neutral,1,Books,1107.06,682.12,136,3.9,424.94,5,38.38476663252991,0.508
1609,Great value for money and good overall performance.,Positive,0,Computers & Accessories,6930.02,3068.16,495,5.0,3861.86,8,55.726473738508695,0.575
1812,Average product with acceptable quality.,Neutral,0,Toys & Games,1158.39,802.6,375,3.7,355.79,5,30.714083732721924,0.069
321,The product quality is disappointing and needs improvement.,Negative,1,Sports & Fitness,8551.04,5159.13,2212,2.9,3391.91,8,39.66664962221499,-0.559
709,I expected better performance for the price.,Negative,0,Beauty,4020.7,2150.87,280,2.4,1869.83,7,46.505023721768765,-0.596
1973,Excellent product and very useful for daily use.,Positive,0,Office Products,590.58,348.57,287,4.5,242.01,8,40.97778591437401,0.889
1430,Not satisfied with the performance of this product.,Negative,1,Sports & Fitness,2009.8,1639.42,1097,3.3,370.38,8,18.428807295553774,-0.792
948,It works reasonably well but has some limitations.,Neutral,1,Clothing,5109.58,4142.31,9768,3.5,967.27,8,18.93043564348039,-0.368
2083,Great value for money and good overall performance.,Positive,1,Toys & Games,1139.17,506.81,852,4.6,632.36,8,55.51092315709589,0.726
1987,Great value for money and good overall performance.,Positive,0,Office Products,111.99,62.09,1481,4.4,49.9,8,44.56038932698138,0.687
1179,"The product is usable, although the experience is ordinary.",Neutral,0,Clothing,1128.99,1128.99,1886,3.2,0.0,9,0.0,-0.202
2070,"The product is reliable, useful and worth the price.",Positive,0,Electronics,4214.57,3476.75,2591,4.5,737.82,9,17.50629709731271,0.807
603,"The product is usable, although the experience is ordinary.",Neutral,1,Computers & Accessories,10320.96,4894.56,2530,3.2,5426.4,9,52.5765280636693,0.142
247,The product is okay and works as described.,Neutral,1,Sports & Fitness,1670.78,1503.04,4497,3.7,167.74,8,10.03935179190946,-0.027
1984,I liked the quality and would consider buying again.,Positive,1,Mobile Accessories,1053.13,720.31,2906,5.0,332.82,9,31.602888074847485,0.412
825,"The product is reliable, useful and worth the price.",Positive,1,Mobile Accessories,3358.49,1073.19,513,4.1,2285.3,9,68.04551164139036,0.804
1757,It works reasonably well but has some limitations.,Neutral,1,Office Products,3178.29,1479.92,158,3.7,1698.37,8,53.43655594121094,-0.349
2252,The product did not work as expected.,Negative,0,Books,1839.11,872.79,353,2.1,966.32,7,52.54262340953719,-0.693
1578,"The product is usable, although the experience is ordinary.",Neutral,0,Home & Kitchen,797.63,332.16,2486,3.1,465.47,9,58.357075762135096,-0.15
1124,Not satisfied with the performance of this product.,Negative,0,Office Products,1523.36,631.83,2204,2.0,891.53,8,58.52408516452927,-0.655
966,The quality is poor and the product has several issues.,Negative,1,Beauty,964.09,420.77,647,2.8,543.32,10,56.35612151850306,-0.532
622,Great value for money and good overall performance.,Positive,1,Sports & Fitness,625.29,420.75,134,5.0,204.54,8,32.711582539404674,0.731
1288,I expected better performance for the price.,Negative,1,Computers & Accessories,17289.01,14684.66,1314,3.5,2604.35,7,15.063620188149002,-0.711
2218,Average product with acceptable quality.,Neutral,0,Sports & Fitness,6959.31,6959.31,968,3.2,0.0,5,0.0,0.239
116,I expected better performance for the price.,Negative,0,Computers & Accessories,9767.36,8382.42,2686,2.6,1384.94,7,14.179240004773007,-0.591
21,Good quality and works exactly as expected.,Positive,0,Home & Kitchen,2711.55,1935.73,5253,4.1,775.82,7,28.61164102867847,0.422
2137,I expected better performance for the price.,Negative,1,Electronics,11515.64,10982.74,1944,2.6,532.9,7,4.627596124088694,-0.434
2088,Not satisfied with the performance of this product.,Negative,1,Office Products,3310.21,2285.88,250,3.1,1024.33,8,30.944567692084707,-0.688
88,Decent product for the price with average performance.,Neutral,0,Mobile Accessories,1461.0,854.5,2693,4.2,606.5,8,41.51267624568021,0.293
928,The quality is poor and the product has several issues.,Negative,0,Beauty,1437.38,917.14,1069,3.4,520.24,10,36.19335879441758,-0.734
2182,"The product is reliable, useful and worth the price.",Positive,0,Clothing,3142.75,837.44,4366,4.1,2305.31,9,73.35314316231127,1.0
383,The quality is poor and the product has several issues.,Negative,0,Home & Kitchen,1633.42,1060.44,530,3.4,572.98,10,35.07845330156906,-0.789
445,It works reasonably well but has some limitations.,Neutral,1,Computers & Accessories,17886.43,12968.92,902,3.7,4917.51,8,27.492992493912585,-0.286
1095,The product is okay and works as described.,Neutral,0,Clothing,3994.54,2572.11,508,3.3,1422.43,8,35.609250240924816,0.146
521,The product is okay and works as described.,Neutral,1,Computers & Accessories,9745.11,6977.05,394,2.6,2768.06,8,28.404612380950745,-0.275
31,Great value for money and good overall performance.,Positive,1,Mobile Accessories,1714.88,1295.75,7333,4.4,419.13,8,24.44091288466015,0.513
1604,Great value for money and good overall performance.,Positive,1,Toys & Games,3233.07,1526.08,2530,4.5,1706.99,8,52.79773424104256,0.513
1755,The product did not work as expected.,Negative,1,Home & Kitchen,3107.6,2094.02,965,3.4,1013.58,7,32.61608916266249,-0.692
913,I liked the quality and would consider buying again.,Positive,1,Clothing,4850.33,2341.54,3781,4.8,2508.79,9,51.72409776428216,0.696
633,I expected better performance for the price.,Negative,1,Electronics,13466.53,13466.53,1071,2.4,0.0,7,0.0,-0.866
2321,The quality is acceptable but could be improved.,Neutral,1,Computers & Accessories,7712.31,4040.52,1973,4.5,3671.79,8,47.609518465076945,-0.057
486,Excellent product and very useful for daily use.,Positive,1,Clothing,2168.03,2152.02,946,4.6,16.01,8,0.7382841609373401,0.814
1021,I liked the quality and would consider buying again.,Positive,1,Clothing,1683.45,1082.63,7510,4.3,600.82,9,35.68976798579403,0.718
544,"The product is usable, although the experience is ordinary.",Neutral,0,Office Products,3015.81,806.69,651,3.3,2209.12,9,73.25136890028394,0.083
1749,The product did not work as expected.,Negative,1,Mobile Accessories,4220.07,2260.79,396,2.0,1959.28,7,46.42760336523276,-0.601
788,I expected better performance for the price.,Negative,0,Beauty,3095.85,1851.91,3185,2.0,1243.94,7,40.18096365202261,-0.672
476,Good quality and works exactly as expected.,Positive,1,Home & Kitchen,11012.32,5677.87,27364,4.6,5334.45,7,48.44071830655683,0.789
253,The product is okay and works as described.,Neutral,0,Electronics,13435.06,9743.78,144,3.9,3691.28,8,27.475007859004833,0.047
2265,Great value for money and good overall performance.,Positive,1,Books,1911.6,675.68,2711,4.6,1235.92,8,64.65351500441389,0.801
583,The product quality is disappointing and needs improvement.,Negative,1,Electronics,11109.65,4408.73,4135,2.9,6700.92,8,60.31619119358625,-0.469
727,I expected better performance for the price.,Negative,1,Home & Kitchen,2027.43,1281.36,323,2.6,746.07,7,36.79883572386617,-0.711
680,The quality is acceptable but could be improved.,Neutral,0,Clothing,4248.0,3602.14,3249,3.9,645.86,8,15.203959045248332,0.093
1834,Average product with acceptable quality.,Neutral,0,Computers & Accessories,13110.45,7445.47,769,3.2,5664.98,5,43.20964764200667,0.125
2149,The product is not very reliable and I would not recommend it.,Negative,0,Electronics,21805.7,14275.87,1881,2.7,7529.83,12,34.531498321810155,-1.0
2353,Average product with acceptable quality.,Neutral,1,Books,1459.87,640.31,860,3.4,819.56,5,56.13936413321425,-0.153
1229,The product quality is disappointing and needs improvement.,Negative,1,Electronics,21737.07,12797.39,242,3.1,8939.68,8,41.12643250806956,-0.756
1172,Not satisfied with the performance of this product.,Negative,0,Office Products,1433.92,431.68,38055,2.8,1002.24,8,69.89517711135562,-0.947
1207,"The product is usable, although the experience is ordinary.",Neutral,0,Office Products,3533.24,1851.68,1055,3.1,1681.56,9,47.59271647393889,0.174
523,Great value for money and good overall performance.,Positive,1,Computers & Accessories,10153.25,7111.54,219,4.3,3041.71,8,29.95795753688638,1.0
2227,Not satisfied with the performance of this product.,Negative,0,Books,942.03,719.47,928,3.4,222.56,8,23.625814984970255,-0.69
2148,Average product with acceptable quality.,Neutral,1,Toys & Games,2878.97,2281.77,91,2.7,597.2,5,20.743506013762396,-0.054
984,I liked the quality and would consider buying again.,Positive,0,Sports & Fitness,9091.41,7512.99,1036,4.1,1578.42,9,17.361610464389933,0.629
1406,Decent product for the price with average performance.,Neutral,1,Home & Kitchen,10651.72,2609.74,409,2.8,8041.98,8,75.49939993658644,0.172
2448,The product is not very reliable and I would not recommend it.,Negative,1,Office Products,1716.39,1217.64,270,3.0,498.75,12,29.058104957550583,-0.628
2279,The product quality is disappointing and needs improvement.,Negative,0,Clothing,1848.56,1615.04,357,2.4,233.52,8,12.63239126267706,-0.776
1159,Good quality and works exactly as expected.,Positive,0,Clothing,4034.43,2808.58,695,4.2,1225.85,7,30.384802943486328,1.0
155,The product quality is disappointing and needs improvement.,Negative,1,Computers & Accessories,4828.75,3154.24,463,2.9,1674.51,8,34.678018869524095,-0.996
2423,I liked the quality and would consider buying again.,Positive,1,Home & Kitchen,809.85,733.07,340,4.3,76.78,9,9.481246534619792,0.761
1810,The product is not very reliable and I would not recommend it.,Negative,0,Mobile Accessories,1081.06,684.57,53,2.6,396.49,12,36.675767191094906,-0.278
1950,The product is okay and works as described.,Neutral,0,Home & Kitchen,1605.87,1479.51,3004,4.2,126.36,8,7.868726118429564,-0.067
567,Average product with acceptable quality.,Neutral,1,Home & Kitchen,7237.24,4237.29,325,4.3,2999.95,5,41.45151940776953,-0.082
395,The product is not very reliable and I would not recommend it.,Negative,1,Toys & Games,756.0,439.93,167,2.4,316.07,12,41.80778226353461,-0.43
1561,Very satisfied with the purchase and product quality.,Positive,1,Office Products,2493.1,1422.58,3756,4.6,1070.52,8,42.9392135158364,0.605
1801,The quality is poor and the product has several issues.,Negative,0,Books,1831.38,1392.05,2454,3.3,439.33,10,23.98925352148872,-0.889
204,Decent product for the price with average performance.,Neutral,1,Electronics,8014.01,6150.08,1772,3.9,1863.93,8,23.258401303755658,-0.093
1180,Good quality and works exactly as expected.,Positive,0,Computers & Accessories,18157.21,10897.78,1875,4.4,7259.43,7,39.980982552910234,0.918
653,The product is okay and works as described.,Neutral,1,Toys & Games,796.46,411.95,1101,3.0,384.51,8,48.277928300811794,0.197
1543,It works reasonably well but has some limitations.,Neutral,0,Sports & Fitness,3005.43,1682.47,3168,3.6,1322.96,8,44.01892846471445,-0.023
1290,Great value for money and good overall performance.,Positive,1,Sports & Fitness,1170.48,694.55,1928,4.6,475.93,8,40.660782183857535,0.773
1167,Decent product for the price with average performance.,Neutral,0,Sports & Fitness,5846.67,4658.74,233,3.3,1187.93,8,20.318031502388962,-0.12
1437,The quality is acceptable but could be improved.,Neutral,1,Books,578.71,442.13,886,3.6,136.58,8,23.60157646444668,-0.248
2280,Excellent product and very useful for daily use.,Positive,1,Beauty,2180.5,1116.12,31158,4.1,1064.38,8,48.8137032917606,0.606
738,"The product is reliable, useful and worth the price.",Positive,0,Clothing,1747.66,1034.21,2006,4.1,713.45,9,40.82324417221131,1.0
187,Very satisfied with the purchase and product quality.,Positive,0,Office Products,2152.02,2001.18,2776,3.5,150.84,8,7.00925672210948,0.542
2325,The quality is acceptable but could be improved.,Neutral,0,Computers & Accessories,18450.47,13928.13,210,4.0,4522.34,8,24.510684028210054,0.034
2258,Good quality and works exactly as expected.,Positive,1,Beauty,3350.03,1102.12,1480,4.7,2247.91,7,67.10104429844121,0.599
991,Decent product for the price with average performance.,Neutral,1,Mobile Accessories,2378.53,1537.2,1189,3.9,841.33,8,35.37176873456576,0.228
1979,Not satisfied with the performance of this product.,Negative,1,Beauty,251.78,172.54,466,3.6,79.24,8,31.473170996387193,-0.581
487,"The product is reliable, useful and worth the price.",Positive,1,Office Products,1204.49,794.74,2038,4.6,409.75,9,34.01889255539898,0.901
1024,The product quality is disappointing and needs improvement.,Negative,1,Computers & Accessories,18183.81,12501.34,692,1.9,5682.47,8,31.25015013645008,-0.568
880,"The product is reliable, useful and worth the price.",Positive,1,Home & Kitchen,6856.75,4933.72,846,4.1,1923.03,9,28.045859789049928,0.701
1210,Not satisfied with the performance of this product.,Negative,0,Books,2492.52,736.33,408,2.3,1756.19,8,70.45859639165258,-0.785
762,The product is not very reliable and I would not recommend it.,Negative,0,Mobile Accessories,1812.26,1054.38,957,2.6,757.88,12,41.819673601773104,-0.685
1656,"The product is usable, although the experience is ordinary.",Neutral,1,Clothing,3966.65,2963.1,1009,3.4,1003.55,9,25.29961195106773,-0.048
843,The product did not work as expected.,Negative,0,Sports & Fitness,3155.78,2798.08,621,3.9,357.7,7,11.334657973630513,-0.538
899,Average product with acceptable quality.,Neutral,0,Electronics,5616.15,4150.71,205,3.5,1465.44,5,26.093254738165456,0.158
1610,Decent product for the price with average performance.,Neutral,0,Clothing,2882.09,2367.45,200,2.8,514.64,8,17.856340113106548,-0.11
2332,"The product is reliable, useful and worth the price.",Positive,0,Books,2241.54,1143.33,221,4.2,1098.21,9,48.993431301558196,0.979
1416,The quality is acceptable but could be improved.,Neutral,0,Electronics,16994.21,15099.38,1150,3.8,1894.83,8,11.149833531646358,0.075
1697,I expected better performance for the price.,Negative,0,Electronics,23165.63,15689.97,1814,2.6,7475.66,7,32.27049978217239,-0.78
186,The product is okay and works as described.,Neutral,0,Home & Kitchen,585.85,412.63,366,3.3,173.22,8,29.567285825224104,0.25
1460,The quality is acceptable but could be improved.,Neutral,1,Clothing,2746.43,1704.28,254,3.6,1042.15,8,37.94570851163365,-0.22
686,I liked the quality and would consider buying again.,Positive,0,Computers & Accessories,16334.91,14187.93,1007,4.8,2146.98,9,13.143535564069513,0.824
1405,The product did not work as expected.,Negative,0,Home & Kitchen,11364.97,9070.83,489,3.4,2294.14,7,20.186070962713604,-1.0
2229,Good quality and works exactly as expected.,Positive,1,Home & Kitchen,11064.31,6371.6,524,4.2,4692.71,7,42.41306927918278,0.783
1204,Decent product for the price with average performance.,Neutral,1,Computers & Accessories,15360.62,11717.47,410,3.7,3643.15,8,23.717437384160355,-0.135
211,Great value for money and good overall performance.,Positive,1,Toys & Games,5589.93,4968.39,102,4.9,621.54,8,11.118840078691985,0.709
765,Good quality and works exactly as expected.,Positive,1,Electronics,20477.67,6231.19,2181,4.4,14246.48,7,69.5708142407153,0.578
490,Great value for money and good overall performance.,Positive,1,Electronics,4012.54,2372.11,4684,4.0,1640.43,8,40.88260702508106,0.529
298,The product quality is disappointing and needs improvement.,Negative,1,Beauty,1362.33,813.12,1564,2.3,549.21,8,40.313886997194054,-0.439
812,Great value for money and good overall performance.,Positive,1,Books,1114.55,644.69,2949,4.2,469.86,8,42.156689645730815,0.762
1188,The product is not very reliable and I would not recommend it.,Negative,1,Clothing,2140.47,995.96,4621,3.2,1144.51,12,53.47018425164612,-0.641
2434,Very satisfied with the purchase and product quality.,Positive,0,Beauty,4973.53,3225.68,407,3.9,1747.85,8,35.14303906671949,0.544
1367,The product did not work as expected.,Negative,1,Computers & Accessories,9817.56,4624.32,342,2.9,5193.24,7,52.8974249023887,-0.682
1517,Very satisfied with the purchase and product quality.,Positive,0,Mobile Accessories,1121.74,1081.44,926,3.8,40.3,8,3.592840500785549,0.621
1681,"The product is usable, although the experience is ordinary.",Neutral,1,Books,164.41,55.27,707,3.6,109.14,9,66.38041290545844,0.257
375,The product is okay and works as described.,Neutral,1,Clothing,1934.51,1473.39,6988,3.5,461.12,8,23.83630200634373,0.214
518,I liked the quality and would consider buying again.,Positive,0,Books,1764.99,1701.61,8391,4.0,63.38,9,3.590976663848746,0.826
2145,I liked the quality and would consider buying again.,Positive,1,Electronics,24088.8,9713.32,552,4.3,14375.48,9,59.677032823302156,0.5
1849,The product quality is disappointing and needs improvement.,Negative,1,Office Products,2354.28,1770.51,985,2.3,583.77,8,24.796154509714626,-1.0
69,Great value for money and good overall performance.,Positive,0,Office Products,2071.46,1315.13,2015,4.4,756.33,8,36.51187141036953,0.466
2144,It works reasonably well but has some limitations.,Neutral,0,Computers & Accessories,15795.16,6552.53,462,2.7,9242.63,8,58.515598364709426,0.297
1238,I liked the quality and would consider buying again.,Positive,0,Sports & Fitness,3883.57,3667.49,2309,4.5,216.08,9,5.5639518100747765,0.889
1334,Decent product for the price with average performance.,Neutral,0,Electronics,9693.28,9559.42,370,3.0,133.86,8,1.3809466895203073,-0.155
1581,The product quality is disappointing and needs improvement.,Negative,1,Electronics,6101.16,4004.89,1813,2.9,2096.27,8,34.35852246053752,-0.856
1002,The product is not very reliable and I would not recommend it.,Negative,1,Computers & Accessories,3740.62,2005.12,270,3.3,1735.5,12,46.39606929474348,-0.525
1850,Decent product for the price with average performance.,Neutral,1,Clothing,2033.9,1824.25,3524,3.6,209.65,8,10.307785298255077,-0.226
1921,Very satisfied with the purchase and product quality.,Positive,1,Computers & Accessories,9251.31,5473.12,439,5.0,3778.19,8,40.839537604389285,0.543
526,The product quality is disappointing and needs improvement.,Negative,0,Clothing,3318.9,1853.39,451,3.0,1465.51,8,44.15646615405622,-0.879
1825,"The product is reliable, useful and worth the price.",Positive,0,Mobile Accessories,4825.67,2160.13,5211,4.5,2665.54,9,55.23676125409948,0.823
1741,The product is okay and works as described.,Neutral,0,Electronics,2164.25,1652.67,381,3.0,511.58,8,23.63797767821342,0.245
2205,Average product with acceptable quality.,Neutral,0,Toys & Games,4840.08,2540.0,2388,3.4,2300.08,5,47.521549716397985,-0.382
638,Not satisfied with the performance of this product.,Negative,0,Books,2221.09,1665.81,1122,3.2,555.28,8,25.00019087416176,-0.544
39,It works reasonably well but has some limitations.,Neutral,0,Office Products,1535.41,1128.61,7174,4.0,406.8,8,26.494449343550023,-0.066
1925,The product did not work as expected.,Negative,0,Sports & Fitness,2068.11,1970.29,370,2.2,97.82,7,4.729991481649723,-0.515
562,Average product with acceptable quality.,Neutral,0,Beauty,2095.69,1039.31,1455,4.2,1056.38,5,50.407328266400185,-0.212
2330,Decent product for the price with average performance.,Neutral,1,Clothing,2826.27,1985.87,678,2.7,840.4,8,29.735128385651016,-0.343
961,I liked the quality and would consider buying again.,Positive,1,Office Products,1644.24,1152.81,459,4.3,491.43,9,29.88802680084799,0.524
1040,Decent product for the price with average performance.,Neutral,0,Clothing,2222.65,1316.98,317,2.7,905.67,8,40.74716920345403,0.005
1669,The quality is acceptable but could be improved.,Neutral,1,Clothing,5555.41,3044.99,207,3.3,2510.42,8,45.18877372039065,-0.287
1388,I expected better performance for the price.,Negative,0,Beauty,1382.0,1067.98,1853,3.5,314.02,7,22.722425351020316,-0.519
2246,Average product with acceptable quality.,Neutral,1,Electronics,6907.05,5794.59,5189,3.2,1112.46,5,16.10613147238185,-0.118
1375,Good quality and works exactly as expected.,Positive,0,Office Products,3471.18,924.83,402,4.7,2546.35,7,73.35679730714631,0.776
131,Very satisfied with the purchase and product quality.,Positive,1,Office Products,1471.28,838.09,2178,4.5,633.19,8,43.03684549504606,0.864
1965,The product is okay and works as described.,Neutral,0,Clothing,1250.4,1190.26,167,3.0,60.14,8,4.809322151826837,0.016
1000,The quality is acceptable but could be improved.,Neutral,1,Mobile Accessories,3843.86,2361.29,2323,3.4,1482.57,8,38.56970730773816,-0.204
77,The product is not very reliable and I would not recommend it.,Negative,0,Beauty,709.13,445.08,1413,3.3,264.05,12,37.23609496327516,-0.53
1370,Average product with acceptable quality.,Neutral,1,Mobile Accessories,1082.37,319.6,1615,3.8,762.77,5,70.47213723544158,-0.014
1019,Not satisfied with the performance of this product.,Negative,1,Clothing,5521.09,2861.96,2681,2.3,2659.13,8,48.16309473032308,-0.825
2223,The product is not very reliable and I would not recommend it.,Negative,0,Home & Kitchen,1634.49,1421.14,382,2.8,213.35,12,13.052949305618561,-0.59
701,"The product is usable, although the experience is ordinary.",Neutral,1,Office Products,208.24,162.03,2482,3.3,46.21,9,22.19063213083364,-0.301
2267,The product is okay and works as described.,Neutral,0,Clothing,4420.0,3436.75,1417,3.8,983.25,8,22.245429322226272,-0.032
483,The product is okay and works as described.,Neutral,1,Books,2431.88,1159.31,1374,3.3,1272.57,8,52.32878805383691,-0.233
234,"The product is reliable, useful and worth the price.",Positive,0,Computers & Accessories,3200.1,2333.65,3724,4.5,866.45,9,27.07560296942453,0.845
2369,The quality is poor and the product has several issues.,Negative,1,Books,1183.54,564.5,9749,3.3,619.04,10,52.304154319569236,-0.488
2056,It works reasonably well but has some limitations.,Neutral,0,Office Products,941.94,771.57,328,3.3,170.37,8,18.08717746520297,0.013
725,It works reasonably well but has some limitations.,Neutral,1,Computers & Accessories,8435.9,7973.7,8226,3.5,462.2,8,5.478939163350621,0.216
2163,Average product with acceptable quality.,Neutral,1,Sports & Fitness,9418.59,6453.59,674,3.5,2965.0,5,31.480323273939028,-0.148
2063,"The product is usable, although the experience is ordinary.",Neutral,0,Home & Kitchen,5202.38,3572.68,274,3.6,1629.7,9,31.325964878385488,0.097
473,Not satisfied with the performance of this product.,Negative,1,Computers & Accessories,1924.64,943.69,6678,3.8,980.95,8,50.96796723754009,-0.602
348,Great value for money and good overall performance.,Positive,0,Electronics,13463.99,7152.18,4126,4.9,6311.81,8,46.87921899877363,0.698
1461,The quality is poor and the product has several issues.,Negative,0,Home & Kitchen,10148.41,5238.52,1743,2.6,4909.89,10,48.38090309249673,-0.587
1808,I liked the quality and would consider buying again.,Positive,0,Sports & Fitness,6161.02,5148.93,3257,4.5,1012.09,9,16.427277383127834,0.769
317,The product is not very reliable and I would not recommend it.,Negative,0,Electronics,16069.73,6841.61,297,2.8,9228.12,12,57.42546189156409,-0.824
387,The product did not work as expected.,Negative,0,Mobile Accessories,1018.0,790.59,934,2.8,227.41,7,22.33850703780781,-0.511
1664,The product quality is disappointing and needs improvement.,Negative,1,Clothing,2959.25,2250.1,1232,2.0,709.15,8,23.963866934013268,-0.561
37,The product did not work as expected.,Negative,1,Books,1233.67,1043.6,2179,3.0,190.07,7,15.406846001199277,-0.673
1779,The product did not work as expected.,Negative,0,Sports & Fitness,7219.21,3649.21,3683,2.3,3570.0,7,49.45139698020463,-0.997
1301,I liked the quality and would consider buying again.,Positive,0,Electronics,12020.59,7952.28,549,4.4,4068.31,9,33.84449001701039,0.903
144,Good quality and works exactly as expected.,Positive,1,Beauty,1470.97,904.03,518,4.6,566.94,7,38.54204166862599,0.783
1335,The product is okay and works as described.,Neutral,1,Books,1872.22,1872.22,234,4.0,0.0,8,0.0,-0.256
1573,The product is okay and works as described.,Neutral,0,Beauty,2359.06,1069.36,4037,3.3,1289.7,8,54.669884709863254,-0.264
1607,Great value for money and good overall performance.,Positive,1,Clothing,1886.49,1022.23,1346,4.1,864.26,8,45.81294382893435,0.806
894,Excellent product and very useful for daily use.,Positive,1,Office Products,1229.33,704.86,4464,4.5,524.47,8,42.66302672166049,0.557
2414,The product quality is disappointing and needs improvement.,Negative,1,Mobile Accessories,2402.35,732.59,2546,2.1,1669.76,8,69.50546008745619,-0.754
2202,Average product with acceptable quality.,Neutral,1,Electronics,19376.72,12327.65,14073,4.5,7049.07,5,36.37907003964209,0.439
1477,I liked the quality and would consider buying again.,Positive,0,Home & Kitchen,4228.51,1762.42,824,4.6,2466.09,9,58.32057220910829,0.786
2372,Great value for money and good overall performance.,Positive,1,Toys & Games,5360.35,2061.17,823,3.9,3299.18,8,61.5477595674119,0.695
954,"The product is usable, although the experience is ordinary.",Neutral,1,Office Products,1316.89,824.57,592,3.2,492.32,9,37.3852280356303,-0.065
1403,"The product is reliable, useful and worth the price.",Positive,0,Mobile Accessories,2025.48,1590.07,1446,4.0,435.41,9,21.496684679527785,0.966
1549,I liked the quality and would consider buying again.,Positive,0,Electronics,2960.9,2142.56,713,4.6,818.34,9,27.638101769708516,0.707
1884,The product quality is disappointing and needs improvement.,Negative,1,Beauty,4098.22,2089.07,1221,2.8,2009.15,8,49.02484424354356,-0.659
867,The quality is acceptable but could be improved.,Neutral,0,Books,882.0,520.67,210,3.8,361.33,8,40.96754966856762,-0.1
1143,I liked the quality and would consider buying again.,Positive,1,Books,842.58,496.98,624,3.6,345.6,9,41.01694821306595,0.746
1702,It works reasonably well but has some limitations.,Neutral,0,Computers & Accessories,5419.91,3570.48,1216,3.1,1849.43,8,34.12293149399735,-0.215
2212,The quality is acceptable but could be improved.,Neutral,0,Clothing,5191.01,3529.23,728,3.2,1661.78,8,32.012711444476004,0.458
1130,Excellent product and very useful for daily use.,Positive,0,Computers & Accessories,8972.43,6785.35,22178,4.5,2187.08,8,24.375506500368044,1.0
2092,"The product is reliable, useful and worth the price.",Positive,1,Electronics,7088.89,4616.7,105,4.1,2472.19,9,34.87418892197813,0.952
2127,I expected better performance for the price.,Negative,0,Office Products,3174.88,2473.84,986,3.4,701.04,7,22.08096454603453,-0.769
912,Very satisfied with the purchase and product quality.,Positive,1,Computers & Accessories,17784.49,9378.42,1029,4.3,8406.07,8,47.266285788301026,0.707
162,The product is not very reliable and I would not recommend it.,Negative,1,Toys & Games,1167.59,709.74,7936,3.5,457.85,12,39.2132763118921,-0.41
1671,The product quality is disappointing and needs improvement.,Negative,0,Mobile Accessories,2926.44,2009.5,1366,2.7,916.94,8,31.332959043961424,-0.486
866,Very satisfied with the purchase and product quality.,Positive,0,Clothing,1794.49,827.47,1587,4.8,967.02,8,53.888495941276425,0.485
2066,"The product is usable, although the experience is ordinary.",Neutral,0,Mobile Accessories,1172.72,618.76,1051,3.6,553.96,9,47.23707639249389,-0.03
1165,Excellent product and very useful for daily use.,Positive,1,Electronics,5638.98,3135.72,498,3.9,2503.26,8,44.39214663998966,0.844
1217,It works reasonably well but has some limitations.,Neutral,0,Home & Kitchen,2434.23,1961.8,3028,3.4,472.43,8,19.407627254559838,-0.307
792,Average product with acceptable quality.,Neutral,0,Electronics,11313.74,6704.9,2036,3.5,4608.84,5,40.73663913784599,-0.389
754,The quality is poor and the product has several issues.,Negative,0,Books,240.65,146.55,1050,3.3,94.1,10,39.10084970527126,-0.454
1752,I liked the quality and would consider buying again.,Positive,1,Sports & Fitness,8589.04,6466.46,4721,4.4,2122.58,9,24.71260573752982,0.467
70,"The product is reliable, useful and worth the price.",Positive,0,Toys & Games,761.75,356.39,893,4.6,405.36,9,53.214913814622236,0.796
818,Good quality and works exactly as expected.,Positive,1,Mobile Accessories,4897.27,2997.23,3526,4.6,1900.04,7,38.797849235104124,0.723
333,The quality is acceptable but could be improved.,Neutral,0,Toys & Games,1654.08,1148.18,1661,2.4,505.9,8,30.58479227552015,-0.368
654,It works reasonably well but has some limitations.,Neutral,1,Home & Kitchen,7349.51,5998.44,4256,3.6,1351.07,8,18.383189055149913,0.278
1149,Great value for money and good overall performance.,Positive,1,Home & Kitchen,6394.29,2508.64,430,4.6,3885.65,8,60.767572519804745,0.846
871,Not satisfied with the performance of this product.,Negative,1,Toys & Games,4193.71,2760.49,4332,2.8,1433.22,8,34.17549301129433,-0.922
2167,"The product is reliable, useful and worth the price.",Positive,0,Sports & Fitness,6640.06,3742.28,3804,4.7,2897.78,9,43.64082694734978,0.652
1745,Decent product for the price with average performance.,Neutral,0,Books,1142.91,664.84,2433,3.7,478.07,8,41.82941538440731,0.273
151,Average product with acceptable quality.,Neutral,0,Mobile Accessories,3896.15,3147.98,1334,3.3,748.17,5,19.202871018501376,-0.041
2185,The product is okay and works as described.,Neutral,0,Books,994.54,778.36,2749,3.5,216.18,8,21.736711109512207,0.057
1015,The product quality is disappointing and needs improvement.,Negative,0,Electronics,23717.77,13925.84,382,3.7,9791.93,8,41.28521346911701,-0.629
942,Average product with acceptable quality.,Neutral,0,Books,1392.34,1210.01,844,3.3,182.33,5,13.09498225438843,0.387
987,Excellent product and very useful for daily use.,Positive,1,Books,523.64,318.9,256,4.3,204.74,8,39.09903005771218,0.613
170,The quality is poor and the product has several issues.,Negative,0,Clothing,2465.42,1518.11,493,2.0,947.31,10,38.42386223969025,-0.697
957,Decent product for the price with average performance.,Neutral,1,Home & Kitchen,1410.45,886.14,765,3.7,524.31,8,37.17302173693628,0.038
1678,The product is okay and works as described.,Neutral,0,Books,848.91,512.41,4498,2.8,336.5,8,39.6390644973367,-0.156
1170,I liked the quality and would consider buying again.,Positive,1,Computers & Accessories,17254.72,8780.56,2375,4.9,8474.16,9,49.11211753704854,0.619
652,I expected better performance for the price.,Negative,0,Clothing,752.1,521.75,2449,2.5,230.35,7,30.627944649316348,-0.612
66,Good quality and works exactly as expected.,Positive,0,Mobile Accessories,4877.74,3119.14,814,4.4,1758.6,7,36.053679584510434,0.854
911,The product is not very reliable and I would not recommend it.,Negative,0,Clothing,1162.18,913.52,1410,1.7,248.66,12,21.395757732949875,-0.949
884,I expected better performance for the price.,Negative,0,Beauty,1778.9,1411.59,133,2.4,367.31,7,20.64808697501575,-0.599
930,I expected better performance for the price.,Negative,1,Office Products,3960.52,2104.77,826,2.5,1855.75,7,46.856159291654535,-0.635
1110,It works reasonably well but has some limitations.,Neutral,0,Home & Kitchen,1770.97,1689.3,1605,3.7,81.67,8,4.611585823120972,0.042
1153,It works reasonably well but has some limitations.,Neutral,1,Sports & Fitness,1699.01,929.24,970,3.5,769.77,8,45.30678033438352,0.023
2334,The product quality is disappointing and needs improvement.,Negative,1,Home & Kitchen,7614.61,4363.14,769,2.9,3251.47,8,42.70037335223225,-0.582
474,"The product is reliable, useful and worth the price.",Positive,0,Electronics,1477.74,966.61,154,4.4,511.13,9,34.58863202294551,0.486
167,The product quality is disappointing and needs improvement.,Negative,0,Beauty,278.36,254.11,2341,3.1,24.25,8,8.71248483586022,-0.389
796,Good quality and works exactly as expected.,Positive,1,Sports & Fitness,6573.82,4001.91,115,4.3,2571.91,7,39.123451845288955,0.654
510,"The product is usable, although the experience is ordinary.",Neutral,1,Beauty,3846.51,2731.0,361,4.1,1115.51,9,29.000492725097985,-0.181
734,Great value for money and good overall performance.,Positive,1,Toys & Games,1232.88,377.3,3505,5.0,855.58,8,69.39678947343961,0.622
500,Very satisfied with the purchase and product quality.,Positive,1,Computers & Accessories,13097.59,9353.29,28882,4.3,3744.3,8,28.58770648071404,0.603
172,I liked the quality and would consider buying again.,Positive,0,Toys & Games,3123.52,1868.27,1644,4.9,1255.25,9,40.18712892616509,0.974
335,Excellent product and very useful for daily use.,Positive,1,Home & Kitchen,6807.87,1771.07,1700,4.7,5036.8,8,73.98497125575673,0.78
49,The product is okay and works as described.,Neutral,1,Mobile Accessories,223.71,143.87,8403,3.8,79.84,8,35.68699361603614,-0.321
1562,The product is okay and works as described.,Neutral,0,Electronics,1512.75,828.37,433,2.6,684.38,8,45.240999568329286,0.208
1034,I liked the quality and would consider buying again.,Positive,1,Computers & Accessories,6996.86,1469.42,99,4.1,5527.44,9,78.99883901344634,0.541
98,Not satisfied with the performance of this product.,Negative,1,Beauty,1707.25,1067.15,239,2.5,640.1,8,37.493026346712455,-0.848
1653,I expected better performance for the price.,Negative,0,Home & Kitchen,2100.56,1591.65,462,2.6,508.91,7,24.227239077826294,-0.907
174,The quality is acceptable but could be improved.,Neutral,0,Clothing,3122.99,2400.63,1099,3.3,722.36,8,23.1305290550716,0.089
1675,I liked the quality and would consider buying again.,Positive,1,Mobile Accessories,3686.12,3553.89,5217,4.4,132.23,9,3.587238508733698,0.642
284,"The product is usable, although the experience is ordinary.",Neutral,1,Books,2389.2,2389.2,15406,4.3,0.0,9,0.0,0.008
2482,It works reasonably well but has some limitations.,Neutral,0,Clothing,1833.37,995.51,450,3.4,837.86,8,45.700654460625564,-0.057
2309,The product quality is disappointing and needs improvement.,Negative,1,Computers & Accessories,16987.24,14444.18,4922,3.5,2543.06,8,14.970383837151783,-0.857
1354,Very satisfied with the purchase and product quality.,Positive,0,Electronics,7022.2,4480.14,740,4.3,2542.06,8,36.200275934701494,0.908
945,Not satisfied with the performance of this product.,Negative,0,Computers & Accessories,7851.15,3832.15,2196,3.0,4019.0,8,51.1900086013613,-0.508
1274,"The product is reliable, useful and worth the price.",Positive,1,Clothing,3434.08,1326.82,1839,4.0,2107.26,9,61.363055088218246,0.742
1679,The product did not work as expected.,Negative,1,Home & Kitchen,3401.71,1676.19,732,2.8,1725.52,7,50.724967515499614,-0.881
2067,The product is okay and works as described.,Neutral,0,Office Products,3236.09,2363.4,15698,4.3,872.69,8,26.967408283534873,0.08
2344,The quality is acceptable but could be improved.,Neutral,1,Clothing,4834.69,1988.78,1489,3.4,2845.91,8,58.864437384490074,-0.139
1689,It works reasonably well but has some limitations.,Neutral,1,Computers & Accessories,6314.21,5003.67,218,2.7,1310.54,8,20.755356884107158,0.09
658,The product did not work as expected.,Negative,1,Computers & Accessories,13892.84,6471.14,642,2.4,7421.7,7,53.421049251939976,-0.81
2492,The product is not very reliable and I would not recommend it.,Negative,0,Sports & Fitness,5118.69,2995.17,368,2.5,2123.52,12,41.48570604875696,-0.877
657,Good quality and works exactly as expected.,Positive,1,Clothing,4738.13,2390.07,886,4.5,2348.06,7,49.556695226272915,0.492
753,I expected better performance for the price.,Negative,0,Books,1938.21,1745.95,687,2.4,192.26,7,9.919452900208757,-0.932
1398,Very satisfied with the purchase and product quality.,Positive,1,Mobile Accessories,1866.44,947.8,498,3.6,918.64,8,49.21868140945733,0.981
1076,The product did not work as expected.,Negative,1,Beauty,4827.37,2960.57,219,2.8,1866.8,7,38.67122375641352,-0.762
2283,The product is okay and works as described.,Neutral,1,Electronics,18260.3,11417.11,3919,4.1,6843.19,8,37.47578214611611,-0.022
139,Very satisfied with the purchase and product quality.,Positive,0,Clothing,4362.41,2523.78,2180,5.0,1838.63,8,42.14707704193408,0.481
1988,I expected better performance for the price.,Negative,1,Beauty,874.87,400.03,1489,2.0,474.84,7,54.27591911828683,-0.531
1668,"The product is usable, although the experience is ordinary.",Neutral,0,Office Products,3608.04,2251.02,1655,3.7,1357.02,9,37.610891252508644,-0.058
2027,Not satisfied with the performance of this product.,Negative,0,Sports & Fitness,4582.58,2562.79,598,3.2,2019.79,8,44.07532017248438,-0.533
1623,The product did not work as expected.,Negative,0,Electronics,12221.19,11118.11,151,2.9,1103.08,7,9.025999042668953,-0.624
1763,It works reasonably well but has some limitations.,Neutral,0,Office Products,379.58,253.77,11654,3.7,125.81,8,33.1446612854361,0.213
1391,The product is not very reliable and I would not recommend it.,Negative,1,Beauty,2521.69,2428.36,324,2.4,93.33,12,3.701235980138101,-0.434
2479,The quality is poor and the product has several issues.,Negative,0,Mobile Accessories,2086.61,978.31,505,2.8,1108.3,10,53.11478973670283,-0.675
1333,Good quality and works exactly as expected.,Positive,1,Computers & Accessories,2472.36,1804.65,585,5.0,667.71,7,27.006800640907713,0.983
458,Average product with acceptable quality.,Neutral,0,Beauty,161.57,120.36,1104,3.7,41.21,5,25.503813505815003,0.092
2121,The product is not very reliable and I would not recommend it.,Negative,0,Office Products,427.15,338.38,704,2.5,88.77,12,20.782195877383767,-0.759
1433,The product is okay and works as described.,Neutral,1,Toys & Games,1701.91,1277.81,195,3.6,424.1,8,24.91887056247428,-0.358
651,I liked the quality and would consider buying again.,Positive,1,Home & Kitchen,2006.98,692.18,4545,4.2,1314.8,9,65.5113145204072,0.48
2082,Very satisfied with the purchase and product quality.,Positive,1,Clothing,4035.72,2961.75,972,4.6,1073.97,8,26.61152639452611,0.723
726,"The product is reliable, useful and worth the price.",Positive,1,Clothing,5241.3,3514.25,414,4.0,1727.05,9,32.95086899126915,0.462
173,Excellent product and very useful for daily use.,Positive,0,Home & Kitchen,8744.87,6474.06,223,4.5,2270.81,8,25.967292146798226,0.815
1665,The product quality is disappointing and needs improvement.,Negative,1,Home & Kitchen,6920.83,4646.58,3974,2.9,2274.25,8,32.860968788845085,-0.485
1704,I expected better performance for the price.,Negative,0,Beauty,2965.26,2965.26,1645,2.3,0.0,7,0.0,-0.681
645,The quality is acceptable but could be improved.,Neutral,1,Sports & Fitness,2033.48,1321.17,1794,3.3,712.31,8,35.02898877536826,0.221
2026,"The product is reliable, useful and worth the price.",Positive,1,Toys & Games,4344.85,2843.49,73,4.5,1501.36,9,34.55495831133698,0.48
1709,Good quality and works exactly as expected.,Positive,1,Computers & Accessories,12568.46,8795.67,2906,4.6,3772.79,7,30.017930369890905,0.742
2000,"The product is reliable, useful and worth the price.",Positive,0,Books,1670.03,980.39,1016,3.9,689.64,9,41.29531062765883,0.698
2498,Good quality and works exactly as expected.,Positive,1,Electronics,20088.79,9882.96,8051,3.6,10205.83,7,50.80359151742359,0.473
1998,Excellent product and very useful for daily use.,Positive,0,Books,1358.07,1151.04,1149,4.4,207.03,8,15.244776811084762,0.468
1940,I liked the quality and would consider buying again.,Positive,0,Mobile Accessories,2115.68,1289.92,969,4.0,825.76,9,39.03065070749408,0.611
2142,Decent product for the price with average performance.,Neutral,0,Sports & Fitness,9865.94,3925.0,330,3.3,5940.94,8,60.21665451700928,0.227
2397,Excellent product and very useful for daily use.,Positive,1,Beauty,4548.68,1612.35,489,4.2,2936.33,8,64.55352958698012,0.414
625,Not satisfied with the performance of this product.,Negative,1,Toys & Games,3306.64,1631.63,754,2.3,1675.01,8,50.655985746305575,-0.905
2099,I expected better performance for the price.,Negative,1,Office Products,2897.95,2856.64,580,3.5,41.31,7,1.4255526307726214,-0.551
1468,The quality is acceptable but could be improved.,Neutral,1,Mobile Accessories,3512.04,1952.1,211,3.5,1559.94,8,44.41678889808759,-0.138
2239,It works reasonably well but has some limitations.,Neutral,1,Office Products,3995.86,2934.45,6593,3.6,1061.41,8,26.562857775430093,-0.11
1885,Great value for money and good overall performance.,Positive,1,Mobile Accessories,2561.98,1664.79,301,4.3,897.19,8,35.019286300364584,0.841
1530,Great value for money and good overall performance.,Positive,1,Sports & Fitness,2645.99,1063.76,6296,4.3,1582.23,8,59.79746571892784,0.714
2032,I liked the quality and would consider buying again.,Positive,1,Toys & Games,4657.03,3716.06,9205,4.0,940.97,9,20.205444639862908,0.608
741,Decent product for the price with average performance.,Neutral,1,Clothing,3785.06,3018.02,5245,3.5,767.04,8,20.26494230679791,0.116
1199,It works reasonably well but has some limitations.,Neutral,1,Electronics,21728.33,15908.61,1375,3.3,5819.72,8,26.784024246330475,-0.311
1049,The product is not very reliable and I would not recommend it.,Negative,1,Computers & Accessories,16844.87,12016.77,6212,2.7,4828.1,12,28.66211075176113,-0.397
569,I liked the quality and would consider buying again.,Positive,1,Sports & Fitness,2379.99,1423.54,679,4.1,956.45,9,40.187255223280026,0.604
1721,"The product is reliable, useful and worth the price.",Positive,1,Computers & Accessories,2935.04,2113.31,378,4.5,821.73,9,27.997320846115628,0.818
152,The product quality is disappointing and needs improvement.,Negative,1,Toys & Games,1561.08,791.32,686,3.8,769.76,8,49.309205013913235,-0.922
1195,Average product with acceptable quality.,Neutral,1,Office Products,3111.93,591.21,303,4.1,2520.72,5,81.00197403181869,0.197
1213,The quality is poor and the product has several issues.,Negative,1,Mobile Accessories,3981.14,3187.63,2169,3.3,793.51,10,19.93184719958849,-0.845
919,The product is not very reliable and I would not recommend it.,Negative,1,Computers & Accessories,7143.36,6311.86,694,2.9,831.5,12,11.64019453147895,-0.412
618,Decent product for the price with average performance.,Neutral,1,Clothing,2589.53,1706.96,1038,3.5,882.57,8,34.08224598506335,-0.248
1081,"The product is reliable, useful and worth the price.",Positive,0,Beauty,1833.62,1039.18,10548,5.0,794.44,9,43.32625451130107,0.855
283,"The product is usable, although the experience is ordinary.",Neutral,1,Beauty,2286.09,1987.51,3054,4.0,298.58,9,13.060641883945483,0.053
1617,"The product is usable, although the experience is ordinary.",Neutral,0,Computers & Accessories,3871.88,2028.9,1355,3.3,1842.98,9,47.59904484973768,-0.072
475,It works reasonably well but has some limitations.,Neutral,1,Books,2039.3,1240.82,728,3.6,798.48,8,39.15474908901238,-0.288
2315,"The product is usable, although the experience is ordinary.",Neutral,1,Books,954.66,438.87,3174,3.5,515.79,9,54.02864981311069,0.068
1096,Decent product for the price with average performance.,Neutral,0,Mobile Accessories,1274.38,875.98,804,3.0,398.4,8,31.262419016168298,-0.368
864,Great value for money and good overall performance.,Positive,1,Sports & Fitness,5606.9,3570.21,244,3.9,2036.69,8,36.32467445385231,0.591
447,Not satisfied with the performance of this product.,Negative,0,Computers & Accessories,8553.08,5725.21,1337,3.8,2827.87,8,33.06257174381214,-0.906
1506,The product is not very reliable and I would not recommend it.,Negative,0,Office Products,2901.63,1724.22,320,2.4,1177.41,12,40.57765082528009,-0.873
1109,Very satisfied with the purchase and product quality.,Positive,1,Computers & Accessories,16456.64,8625.86,323,4.1,7830.78,8,47.58430911569644,0.366
2333,I liked the quality and would consider buying again.,Positive,0,Beauty,4763.16,2373.08,331,3.8,2390.08,9,50.17843367269762,0.584
2119,Not satisfied with the performance of this product.,Negative,0,Clothing,3804.6,3380.64,332,3.1,423.96,8,11.143312049402088,-0.847
1166,It works reasonably well but has some limitations.,Neutral,0,Books,1455.49,942.95,2411,3.5,512.54,8,35.21402404796624,0.183
409,Decent product for the price with average performance.,Neutral,0,Mobile Accessories,4342.33,2921.03,214,3.1,1421.3,8,32.73118122826598,-0.03
1271,I liked the quality and would consider buying again.,Positive,0,Electronics,4752.9,4003.23,901,4.1,749.67,9,15.772945272670302,0.7
655,It works reasonably well but has some limitations.,Neutral,1,Beauty,4159.58,1717.21,1440,3.1,2442.37,8,58.71679545633084,-0.141
2040,The product is not very reliable and I would not recommend it.,Negative,1,Beauty,4508.29,3333.21,1348,2.6,1175.08,12,26.06491381857007,-0.401
138,It works reasonably well but has some limitations.,Neutral,1,Home & Kitchen,812.92,325.96,757,3.4,486.96,8,59.90284354866776,-0.035
2008,The product is okay and works as described.,Neutral,1,Home & Kitchen,2003.92,684.76,4529,2.9,1319.16,8,65.82895738819425,0.066
2132,The product quality is disappointing and needs improvement.,Negative,1,Books,2476.05,2294.68,1517,2.5,181.37,8,7.325126029178172,-0.78
1731,I liked the quality and would consider buying again.,Positive,1,Computers & Accessories,19349.61,5172.91,484,4.0,14176.7,9,73.26609034176563,0.687
529,I expected better performance for the price.,Negative,1,Beauty,3726.63,2159.01,264,3.4,1567.62,7,42.06542182458918,-0.425
1494,Decent product for the price with average performance.,Neutral,1,Toys & Games,4327.97,1816.72,3510,3.4,2511.25,8,58.0236499467518,0.107
587,Excellent product and very useful for daily use.,Positive,1,Beauty,1967.63,959.18,1794,4.3,1008.45,8,51.252046840309276,0.818
347,"The product is usable, although the experience is ordinary.",Neutral,0,Home & Kitchen,7920.9,4897.2,1324,3.5,3023.7,9,38.17375365167277,-0.05
1017,Not satisfied with the performance of this product.,Negative,1,Home & Kitchen,5971.6,3929.17,4674,2.9,2042.43,8,34.2024677947549,-0.596
520,"The product is reliable, useful and worth the price.",Positive,1,Mobile Accessories,1052.57,671.0,234,3.9,381.57,9,36.25167407752991,0.744
303,The product quality is disappointing and needs improvement.,Negative,0,Toys & Games,816.87,636.49,575,2.6,180.38,8,22.082043144282622,-0.815
1446,I expected better performance for the price.,Negative,0,Clothing,4387.46,2830.91,1383,2.2,1556.55,7,35.477227435641154,-0.672
2222,"The product is reliable, useful and worth the price.",Positive,0,Home & Kitchen,771.7,701.78,941,4.0,69.92,9,9.060337195418118,0.716
38,"The product is usable, although the experience is ordinary.",Neutral,0,Sports & Fitness,8143.67,4936.06,8595,3.3,3207.61,9,39.387783689555725,0.08
2443,Not satisfied with the performance of this product.,Negative,0,Home & Kitchen,11175.4,6707.19,834,3.1,4468.21,8,39.982588079539106,-0.682
99,I liked the quality and would consider buying again.,Positive,1,Toys & Games,3490.15,2074.32,4759,4.3,1415.83,9,40.566381368930266,0.651
1454,Good quality and works exactly as expected.,Positive,0,Sports & Fitness,6432.0,4723.75,3934,4.4,1708.25,7,26.558689896728254,0.856
1728,Great value for money and good overall performance.,Positive,1,Computers & Accessories,8603.34,6870.5,219,4.7,1732.84,8,20.14145820782392,0.508
2298,Good quality and works exactly as expected.,Positive,1,Books,1194.77,668.22,2678,4.4,526.55,7,44.071064746946334,1.0
2323,"The product is reliable, useful and worth the price.",Positive,1,Computers & Accessories,13229.05,5822.28,1490,4.7,7406.77,9,55.9886798760349,0.822
599,Very satisfied with the purchase and product quality.,Positive,0,Mobile Accessories,932.97,722.49,103,4.9,210.48,8,22.560469013000073,0.743
855,Excellent product and very useful for daily use.,Positive,1,Books,896.5,601.32,134,4.4,295.18,8,32.92553755447477,1.0
1596,Average product with acceptable quality.,Neutral,0,Computers & Accessories,1699.69,1275.25,261,3.8,424.44,5,24.971367385718022,0.099
869,Very satisfied with the purchase and product quality.,Positive,0,Toys & Games,1805.76,1563.53,541,4.1,242.23,8,13.41419313858485,0.782
667,The product did not work as expected.,Negative,0,Beauty,3817.33,2370.38,2601,2.1,1446.95,7,37.90465268182268,-0.603
460,The product is not very reliable and I would not recommend it.,Negative,0,Sports & Fitness,9896.98,8525.57,117,2.0,1371.41,12,13.856887532455339,-0.808
1275,Great value for money and good overall performance.,Positive,0,Sports & Fitness,8805.27,8805.27,529,4.1,0.0,8,0.0,0.886
1348,Excellent product and very useful for daily use.,Positive,1,Toys & Games,2852.18,1847.06,3041,4.4,1005.12,8,35.240276113267264,0.682
853,It works reasonably well but has some limitations.,Neutral,0,Home & Kitchen,10947.13,9517.12,5414,4.4,1430.01,8,13.062895498712997,-0.117
1999,Very satisfied with the purchase and product quality.,Positive,0,Electronics,6304.19,6304.19,201,4.1,0.0,8,0.0,0.773
163,The product quality is disappointing and needs improvement.,Negative,1,Beauty,3731.9,3146.26,183,2.6,585.64,8,15.692709641305942,-0.699
1341,The product did not work as expected.,Negative,1,Books,2472.65,411.95,875,2.7,2060.7,7,83.33964182532732,-0.48
287,"The product is reliable, useful and worth the price.",Positive,0,Sports & Fitness,6175.64,5338.96,1786,4.5,836.68,9,13.548029624115777,0.815
1500,The product quality is disappointing and needs improvement.,Negative,0,Home & Kitchen,6583.69,4788.37,5086,2.8,1795.32,8,27.269149193083372,-0.493
242,I expected better performance for the price.,Negative,0,Toys & Games,2041.66,1312.97,632,1.6,728.69,7,35.69110538601194,-0.738
1163,Excellent product and very useful for daily use.,Positive,1,Beauty,1562.96,1141.05,3292,4.7,421.91,8,26.99400280906457,0.682
454,Excellent product and very useful for daily use.,Positive,1,Toys & Games,1432.13,987.42,353,3.9,444.71,8,31.052235835083895,0.74
141,The product did not work as expected.,Negative,1,Beauty,4432.38,2874.89,370,2.5,1557.49,7,35.13884583057549,-0.657
1424,Good quality and works exactly as expected.,Positive,1,Sports & Fitness,2364.76,1074.41,1085,4.7,1290.35,7,54.56572469145229,0.522
675,The quality is poor and the product has several issues.,Negative,0,Computers & Accessories,11066.97,7471.53,1164,2.4,3595.44,10,32.488021052623694,-0.79
1070,The quality is poor and the product has several issues.,Negative,0,Office Products,1151.86,651.78,2755,3.2,500.08,10,43.415415763526035,-0.874
1237,"The product is reliable, useful and worth the price.",Positive,0,Home & Kitchen,1158.61,428.85,1346,4.3,729.76,9,62.985519399959905,0.777
1412,It works reasonably well but has some limitations.,Neutral,0,Office Products,2918.75,1971.89,2637,3.6,946.86,8,32.44066512398137,0.11
543,I expected better performance for the price.,Negative,1,Sports & Fitness,3081.48,1277.68,2951,2.9,1803.8,7,58.536821709923174,-0.815
259,The product is okay and works as described.,Neutral,0,Toys & Games,2585.89,2082.11,276,3.3,503.78,8,19.481721052738415,0.149
2477,The product did not work as expected.,Negative,0,Office Products,2813.36,1903.84,1412,3.1,909.52,7,32.32849546436064,-0.522
1659,"The product is usable, although the experience is ordinary.",Neutral,0,Home & Kitchen,10848.56,1627.28,928,4.0,9221.28,9,85.0,-0.095
423,The product quality is disappointing and needs improvement.,Negative,1,Mobile Accessories,302.0,227.45,1182,2.4,74.55,8,24.68541905682602,-0.764
153,Good quality and works exactly as expected.,Positive,1,Computers & Accessories,3687.78,1382.1,2042,4.6,2305.68,7,62.52225756410863,1.0
588,"The product is usable, although the experience is ordinary.",Neutral,1,Mobile Accessories,3615.94,2878.17,862,3.7,737.77,9,20.403168399808415,0.188
1524,I liked the quality and would consider buying again.,Positive,1,Toys & Games,2961.79,1692.15,2462,4.3,1269.64,9,42.86717325900051,0.796
760,The quality is poor and the product has several issues.,Negative,1,Toys & Games,449.21,354.48,2221,3.6,94.73,10,21.08800076536373,-0.784
955,Not satisfied with the performance of this product.,Negative,1,Computers & Accessories,15730.84,15274.2,266,2.9,456.64,8,2.902838723075895,-0.581
1380,It works reasonably well but has some limitations.,Neutral,0,Toys & Games,5154.84,4597.09,1857,3.9,557.75,8,10.81992931344805,0.04
1252,Average product with acceptable quality.,Neutral,1,Electronics,20023.52,12302.5,427,3.3,7721.02,5,38.559744066259995,-0.373
1662,"The product is usable, although the experience is ordinary.",Neutral,0,Computers & Accessories,503.49,137.33,1930,3.0,366.16,9,72.72518888799097,-0.353
1182,It works reasonably well but has some limitations.,Neutral,1,Mobile Accessories,2075.56,1019.54,1899,3.8,1056.02,8,50.87873299790689,0.097
522,The quality is poor and the product has several issues.,Negative,1,Electronics,6659.48,5015.3,1187,3.0,1644.18,10,24.689336517827698,-0.698
986,Great value for money and good overall performance.,Positive,0,Books,1847.22,842.89,1367,3.8,1004.33,8,54.36981568188588,0.881
2462,The product did not work as expected.,Negative,0,Clothing,3999.54,2076.94,303,2.9,1922.6,7,48.07041908459965,-0.233
436,"The product is usable, although the experience is ordinary.",Neutral,1,Office Products,2616.76,746.03,1435,3.4,1870.73,9,71.49047459263011,0.465
164,Good quality and works exactly as expected.,Positive,1,Electronics,18399.24,5723.66,636,4.8,12675.58,7,68.89188157550154,0.696
393,Decent product for the price with average performance.,Neutral,0,Mobile Accessories,1365.72,1043.83,1487,3.3,321.89,8,23.569292087296425,-0.087
2384,Very satisfied with the purchase and product quality.,Positive,0,Home & Kitchen,6959.44,3490.28,1632,4.6,3469.16,8,49.84828851287482,0.678
835,Good quality and works exactly as expected.,Positive,1,Mobile Accessories,1123.05,595.11,1521,4.0,527.94,7,47.00948731070892,1.0
1805,"The product is reliable, useful and worth the price.",Positive,0,Books,158.63,88.54,270,4.7,70.09,9,44.18369545303492,0.759
1778,Decent product for the price with average performance.,Neutral,1,Home & Kitchen,2622.88,2299.5,196,3.2,323.38,8,12.32910247004769,-0.458
1930,The product is not very reliable and I would not recommend it.,Negative,1,Mobile Accessories,913.53,430.72,2696,2.7,482.81,12,52.850601378601624,-0.839
2326,I liked the quality and would consider buying again.,Positive,1,Beauty,2987.03,2001.73,1658,4.0,985.3,9,32.9859569522819,0.917
1818,I expected better performance for the price.,Negative,1,Toys & Games,3300.71,2312.93,5739,2.4,987.78,7,29.926158857664074,-0.484
1058,"The product is reliable, useful and worth the price.",Positive,1,Office Products,3338.31,1971.38,25067,4.3,1366.93,9,40.94688367390725,0.7
2371,The product quality is disappointing and needs improvement.,Negative,1,Mobile Accessories,3313.31,1563.08,182,3.2,1750.23,8,52.82434762026338,-0.565
281,I liked the quality and would consider buying again.,Positive,1,Toys & Games,4429.09,4170.03,481,4.8,259.06,9,5.84907314561563,0.861
600,The product is not very reliable and I would not recommend it.,Negative,0,Office Products,2411.26,754.65,333,2.9,1656.61,12,68.70321388917645,-0.546
1647,The quality is acceptable but could be improved.,Neutral,0,Mobile Accessories,4573.19,2193.46,770,3.9,2379.73,8,52.03647137410361,-0.252
1077,Not satisfied with the performance of this product.,Negative,0,Books,1784.55,797.96,521,2.7,986.59,8,55.28491179178356,-0.672
1955,The product quality is disappointing and needs improvement.,Negative,1,Clothing,3620.01,1715.6,1301,2.7,1904.41,8,52.6078523202106,-0.93
1029,Very satisfied with the purchase and product quality.,Positive,1,Mobile Accessories,3775.7,2666.72,3569,4.7,1108.98,8,29.371635805513435,0.398
1764,The product quality is disappointing and needs improvement.,Negative,1,Clothing,5649.47,3840.29,710,2.1,1809.18,8,32.02394849729974,-0.88
96,"The product is reliable, useful and worth the price.",Positive,1,Computers & Accessories,2822.59,1561.38,49,4.1,1261.21,9,44.68261503902801,0.791
1557,"The product is usable, although the experience is ordinary.",Neutral,0,Books,1000.75,317.99,103,3.4,682.76,9,68.2249675752391,-0.097
643,Good quality and works exactly as expected.,Positive,0,Computers & Accessories,11387.0,8879.72,2247,4.5,2507.28,7,22.018814299636333,0.492
1770,It works reasonably well but has some limitations.,Neutral,1,Home & Kitchen,10337.51,8034.07,714,4.4,2303.44,8,22.282384217681464,0.004
224,Great value for money and good overall performance.,Positive,0,Computers & Accessories,8006.63,4516.35,2385,3.7,3490.28,8,43.59235057404613,0.6
79,"The product is usable, although the experience is ordinary.",Neutral,0,Mobile Accessories,585.79,433.23,1490,3.6,152.56,9,26.04376190511808,-0.202
1857,Excellent product and very useful for daily use.,Positive,1,Home & Kitchen,9021.08,6333.54,9460,4.4,2687.54,8,29.79172324019344,0.678
463,Excellent product and very useful for daily use.,Positive,1,Computers & Accessories,15569.44,5656.35,3985,4.3,9913.09,8,63.670181125054995,0.822
946,Great value for money and good overall performance.,Positive,0,Clothing,1938.76,811.45,3289,4.5,1127.31,8,58.14603142227691,0.54
2237,The product is okay and works as described.,Neutral,1,Beauty,1220.38,744.74,321,3.7,475.64,8,38.974802220139196,-0.266
1241,Excellent product and very useful for daily use.,Positive,0,Computers & Accessories,9633.8,6437.1,983,4.5,3196.7,8,33.18208869680214,0.541
394,The product quality is disappointing and needs improvement.,Negative,1,Office Products,2622.42,2152.63,1013,2.1,469.79,8,17.914221397775037,-0.595
2161,I liked the quality and would consider buying again.,Positive,1,Books,1585.54,772.01,814,3.9,813.53,9,51.30950447372376,0.698
1856,The quality is poor and the product has several issues.,Negative,1,Computers & Accessories,18798.46,8159.39,5821,2.9,10639.07,10,56.5954327060537,-0.686
377,The quality is poor and the product has several issues.,Negative,1,Electronics,11421.1,7701.44,728,2.2,3719.66,10,32.56833838878211,-0.931
1695,I expected better performance for the price.,Negative,1,Office Products,2871.9,1962.63,263,2.9,909.27,7,31.660837342346277,-0.979
1265,The product quality is disappointing and needs improvement.,Negative,0,Sports & Fitness,8143.99,8143.99,1054,1.7,0.0,8,0.0,-0.918
492,The product did not work as expected.,Negative,0,Beauty,2575.5,1331.61,7765,2.9,1243.89,7,48.29690616282017,-1.0
2130,Great value for money and good overall performance.,Positive,0,Electronics,9875.44,6349.0,1658,4.6,3526.44,8,35.70919045465808,0.618
1377,I liked the quality and would consider buying again.,Positive,1,Beauty,2507.34,1737.57,1142,4.8,769.77,9,30.70086072178175,0.663
2391,The quality is poor and the product has several issues.,Negative,0,Toys & Games,641.88,337.47,1317,2.3,304.41,10,47.424075536840384,-0.522
2392,The product did not work as expected.,Negative,0,Toys & Games,5095.42,3453.78,1381,2.7,1641.64,7,32.217869726095245,-0.97
2352,Decent product for the price with average performance.,Neutral,1,Computers & Accessories,14638.63,10487.2,643,3.7,4151.43,8,28.35941860017391,-0.211
816,"The product is reliable, useful and worth the price.",Positive,1,Clothing,4499.12,1580.11,2149,3.9,2919.01,9,64.87947220446469,0.873
2310,I liked the quality and would consider buying again.,Positive,1,Home & Kitchen,3326.22,1665.91,666,4.2,1660.31,9,49.91584468312592,0.775
1074,"The product is reliable, useful and worth the price.",Positive,1,Mobile Accessories,3770.79,2874.05,2794,4.5,896.74,9,23.78130227500027,0.949
2206,It works reasonably well but has some limitations.,Neutral,0,Books,2224.14,2153.1,4856,3.0,71.04,8,3.1940255900946077,-0.16
449,The product did not work as expected.,Negative,1,Clothing,2415.64,1944.24,98,2.7,471.4,7,19.514556902854494,-0.537
1730,"The product is reliable, useful and worth the price.",Positive,1,Office Products,2259.64,601.46,13751,3.9,1658.18,9,73.38237208188112,0.901
2114,The quality is poor and the product has several issues.,Negative,0,Sports & Fitness,4349.92,2771.06,14986,3.2,1578.86,10,36.29637138446566,-0.649
1456,The product quality is disappointing and needs improvement.,Negative,0,Books,1337.15,820.12,4157,2.8,517.03,8,38.66628870835375,-0.544
2180,"The product is usable, although the experience is ordinary.",Neutral,1,Office Products,3488.52,1494.74,656,3.2,1993.78,9,57.15246481780525,0.059
1472,The product is not very reliable and I would not recommend it.,Negative,0,Computers & Accessories,3952.64,2316.52,140,2.2,1636.12,12,41.39311614115179,-0.496
20,Very satisfied with the purchase and product quality.,Positive,1,Electronics,21543.1,16265.83,793,4.1,5277.27,8,24.496339099262173,0.959
585,The quality is acceptable but could be improved.,Neutral,1,Home & Kitchen,5039.68,3746.88,16210,3.3,1292.8,8,25.652427330203338,0.258
677,I liked the quality and would consider buying again.,Positive,1,Beauty,4866.65,3039.98,559,3.7,1826.67,9,37.53444511567847,0.857
697,The product quality is disappointing and needs improvement.,Negative,0,Home & Kitchen,4960.63,4014.27,2434,1.9,946.36,8,19.077455312831347,-0.756
2454,"The product is usable, although the experience is ordinary.",Neutral,1,Toys & Games,1217.86,665.99,799,3.5,551.87,9,45.31507240450024,-0.142
304,Average product with acceptable quality.,Neutral,1,Electronics,18039.26,14942.64,180,3.7,3096.62,5,17.165987266502242,-0.004
2179,Excellent product and very useful for daily use.,Positive,0,Computers & Accessories,7987.24,6429.83,1289,4.7,1557.41,8,19.498742778431577,0.651
2045,Decent product for the price with average performance.,Neutral,1,Office Products,1599.43,1599.43,1827,4.1,0.0,8,0.0,0.147
1005,Very satisfied with the purchase and product quality.,Positive,0,Sports & Fitness,6014.95,4696.37,750,4.7,1318.58,8,21.92170438322352,0.648
1832,The product did not work as expected.,Negative,0,Home & Kitchen,8978.25,6257.25,42,2.6,2721.0,7,30.306614729208214,-0.92
722,The quality is poor and the product has several issues.,Negative,1,Home & Kitchen,7566.4,3738.94,1875,3.6,3827.46,10,50.58490578404502,-0.656
2400,Great value for money and good overall performance.,Positive,0,Toys & Games,3632.37,2736.22,1643,4.7,896.15,8,24.671305504099763,0.933
1726,Decent product for the price with average performance.,Neutral,1,Mobile Accessories,2165.22,1787.94,1022,2.9,377.28,8,17.424340611002904,-0.006
981,Very satisfied with the purchase and product quality.,Positive,1,Books,728.04,391.27,657,4.4,336.77,8,46.25744352291216,0.39
2338,Decent product for the price with average performance.,Neutral,0,Mobile Accessories,1270.15,1132.54,1128,4.1,137.61,8,10.834206553615907,-0.259
2463,Not satisfied with the performance of this product.,Negative,0,Toys & Games,5376.09,2728.02,102,2.7,2648.07,8,49.25640982168507,-0.789
504,The product quality is disappointing and needs improvement.,Negative,1,Books,404.95,327.94,1404,3.4,77.01,8,19.018236421389272,-0.533
2316,The product is not very reliable and I would not recommend it.,Negative,0,Clothing,2707.29,1358.98,3481,2.5,1348.31,12,49.80291896378785,-0.758
609,The product is okay and works as described.,Neutral,0,Mobile Accessories,1522.26,752.48,719,3.6,769.78,8,50.5684835113687,0.223
146,Excellent product and very useful for daily use.,Positive,1,Clothing,836.09,566.95,982,4.6,269.14,8,32.19049786864945,0.663
649,The product quality is disappointing and needs improvement.,Negative,1,Toys & Games,2568.5,1471.37,679,2.6,1097.13,8,42.714653773481224,-0.713
888,Very satisfied with the purchase and product quality.,Positive,1,Office Products,701.6,499.33,3126,4.5,202.27,8,28.829445046311392,0.788
2282,I expected better performance for the price.,Negative,0,Clothing,851.83,851.83,2694,3.2,0.0,7,0.0,-0.352
1203,Excellent product and very useful for daily use.,Positive,1,Mobile Accessories,4676.36,4108.16,719,4.0,568.2,8,12.150435065878952,0.92
902,The quality is poor and the product has several issues.,Negative,0,Computers & Accessories,13894.76,10965.28,923,2.3,2929.48,10,21.083373970595076,-0.709
1467,Decent product for the price with average performance.,Neutral,1,Office Products,3681.87,2408.58,471,3.3,1273.29,8,34.58280360587232,0.335
1092,I expected better performance for the price.,Negative,0,Beauty,4919.25,2846.78,1967,2.0,2072.47,7,42.129874440058714,-0.685
1447,Decent product for the price with average performance.,Neutral,0,Clothing,1123.59,564.62,2244,3.2,558.97,8,49.748218255398434,0.09
1886,Decent product for the price with average performance.,Neutral,0,Home & Kitchen,6258.72,4486.03,175,3.6,1772.69,8,28.323577699573914,-0.17
245,Very satisfied with the purchase and product quality.,Positive,0,Beauty,720.74,600.62,32461,3.6,120.12,8,16.66613450808191,0.836
2106,I expected better performance for the price.,Negative,1,Toys & Games,3048.27,1319.14,1973,2.4,1729.13,7,56.724843479457284,-0.609
2302,The quality is acceptable but could be improved.,Neutral,1,Office Products,2907.61,2274.04,2773,3.8,633.57,8,21.79011044132037,-0.347
841,The product is not very reliable and I would not recommend it.,Negative,0,Books,1751.08,1405.53,2729,3.0,345.55,12,19.733364300754445,-0.64
579,Great value for money and good overall performance.,Positive,0,Sports & Fitness,8332.16,2831.08,7148,4.5,5501.08,8,66.02220375933564,0.658
2105,The quality is poor and the product has several issues.,Negative,0,Mobile Accessories,4538.73,4192.76,6829,3.4,345.97,10,7.622720599229353,-0.854
241,Decent product for the price with average performance.,Neutral,0,Home & Kitchen,6328.24,4940.05,2039,3.8,1388.19,8,21.936465392467692,-0.236
759,The product did not work as expected.,Negative,0,Office Products,256.64,48.22,703,3.1,208.42,7,81.21023950274514,-0.423
2412,It works reasonably well but has some limitations.,Neutral,1,Electronics,4347.81,2543.41,299,2.6,1804.4,8,41.50125289698848,0.051
1823,I expected better performance for the price.,Negative,1,Office Products,1189.32,548.41,8371,3.7,640.91,7,53.88876964142229,-0.763
275,It works reasonably well but has some limitations.,Neutral,1,Books,961.72,434.8,1606,3.4,526.92,8,54.78917878116104,0.068
345,Average product with acceptable quality.,Neutral,1,Toys & Games,1818.56,1076.09,667,3.4,742.47,5,40.82726190475553,0.03
1746,Good quality and works exactly as expected.,Positive,1,Sports & Fitness,7898.32,3061.97,550,4.2,4836.35,7,61.23270420686058,0.937
56,The quality is poor and the product has several issues.,Negative,0,Beauty,2112.56,2105.39,567,2.8,7.17,10,0.33943596624165195,-0.766
206,Great value for money and good overall performance.,Positive,1,Mobile Accessories,2472.66,1565.28,677,4.5,907.38,8,36.696667302097914,0.504
908,It works reasonably well but has some limitations.,Neutral,0,Sports & Fitness,9142.38,6792.7,27,3.3,2349.68,8,25.70101660264343,0.119
1146,The quality is acceptable but could be improved.,Neutral,1,Home & Kitchen,301.97,178.9,1082,3.9,123.07,8,40.75664227950259,-0.1
1953,Great value for money and good overall performance.,Positive,1,Mobile Accessories,2647.12,820.52,7293,4.4,1826.6,8,69.00311306151724,0.779
2322,The product is not very reliable and I would not recommend it.,Negative,1,Mobile Accessories,4158.67,4158.67,4061,2.1,0.0,12,0.0,-0.615
1442,The product did not work as expected.,Negative,0,Home & Kitchen,10575.47,8204.08,1171,2.6,2371.39,7,22.42348214547453,-0.909
693,Great value for money and good overall performance.,Positive,0,Sports & Fitness,8098.59,7786.32,2125,4.2,312.27,8,3.855810556583272,0.824
68,Excellent product and very useful for daily use.,Positive,0,Clothing,1924.92,1528.16,4266,4.7,396.76,8,20.611895224451608,0.635
1532,Great value for money and good overall performance.,Positive,1,Toys & Games,5040.02,3574.9,739,4.5,1465.12,8,29.069705932434296,0.724
1486,"The product is usable, although the experience is ordinary.",Neutral,1,Clothing,1664.67,1447.28,1002,3.3,217.39,9,13.059214958313323,0.316
58,Very satisfied with the purchase and product quality.,Positive,1,Clothing,3149.63,1608.45,1577,5.0,1541.18,8,48.93200003736413,0.645
719,The product did not work as expected.,Negative,0,Beauty,1442.74,216.41,1814,3.4,1226.33,7,85.0,-0.572
1350,Decent product for the price with average performance.,Neutral,1,Clothing,4622.22,2711.11,2753,2.8,1911.11,8,41.34611663522065,-0.171
1022,The product is okay and works as described.,Neutral,1,Beauty,2734.13,1643.7,304,3.7,1090.43,8,39.88231920501851,-0.25
1845,The product is not very reliable and I would not recommend it.,Negative,0,Sports & Fitness,1925.16,1336.82,397,2.2,588.34,12,30.560771140833417,-0.531
1190,The product did not work as expected.,Negative,1,Books,2004.65,1463.67,655,3.2,540.98,7,26.986027567712835,-0.983
2094,The quality is acceptable but could be improved.,Neutral,0,Beauty,3311.12,2846.75,2010,3.8,464.37,8,14.024681853696482,-0.135
2476,The quality is acceptable but could be improved.,Neutral,1,Beauty,4107.91,3708.79,2137,3.9,399.12,8,9.715934441968503,0.22
1682,Good quality and works exactly as expected.,Positive,1,Computers & Accessories,13065.02,5391.66,9803,4.4,7673.36,7,58.7321171911979,0.834
742,The product is okay and works as described.,Neutral,0,Home & Kitchen,11542.06,7713.97,4433,2.7,3828.09,8,33.16647719904681,0.345
178,Great value for money and good overall performance.,Positive,1,Toys & Games,3980.69,3044.39,4831,4.4,936.3,8,23.5210902179575,0.807
1411,Not satisfied with the performance of this product.,Negative,1,Toys & Games,2858.38,1764.16,133,2.6,1094.22,8,38.28116373926216,-0.621
2048,The product did not work as expected.,Negative,1,Electronics,19759.28,10394.78,1133,2.7,9364.5,7,47.392901621230045,-0.841
604,Average product with acceptable quality.,Neutral,1,Mobile Accessories,1884.84,1002.41,15490,3.9,882.43,5,46.81721377417129,0.541
581,The product quality is disappointing and needs improvement.,Negative,0,Clothing,4940.9,1733.98,1397,2.5,3206.92,8,64.90568218069723,-0.394
963,Not satisfied with the performance of this product.,Negative,1,Computers & Accessories,8554.81,5436.66,666,3.1,3118.15,8,36.449054874100774,-0.495
2120,"The product is reliable, useful and worth the price.",Positive,1,Office Products,840.67,335.62,1200,4.3,505.05,9,60.07653262082543,0.693
306,The quality is acceptable but could be improved.,Neutral,0,Books,1368.85,699.65,145,3.0,669.2,8,48.88785724446462,-0.098
1542,The product quality is disappointing and needs improvement.,Negative,1,Sports & Fitness,9581.35,4101.63,496,3.2,5479.72,8,57.19148100099517,-0.546
1910,Not satisfied with the performance of this product.,Negative,1,Electronics,4521.22,2393.77,339,2.4,2127.45,8,47.054886744751116,-0.69
524,The product did not work as expected.,Negative,1,Computers & Accessories,15235.57,14885.76,8702,3.2,349.81,7,2.2959881151498607,-0.423
2165,The product is not very reliable and I would not recommend it.,Negative,1,Mobile Accessories,3266.71,1987.72,2523,2.6,1278.99,12,39.152256091187134,-1.0
1484,The quality is poor and the product has several issues.,Negative,1,Electronics,3785.78,1739.69,2287,3.2,2046.09,10,54.04683417098266,-0.491
2447,The product quality is disappointing and needs improvement.,Negative,1,Sports & Fitness,8338.42,4134.94,205,2.3,4203.48,8,50.41099813469701,-0.734
1599,The quality is poor and the product has several issues.,Negative,0,Beauty,514.02,255.14,669,3.8,258.88,10,50.364660302684484,-0.891
770,Very satisfied with the purchase and product quality.,Positive,1,Computers & Accessories,9369.67,6895.41,949,4.3,2474.26,8,26.407080408936338,0.713
368,The product is okay and works as described.,Neutral,0,Electronics,16532.25,11064.15,317,2.9,5468.1,8,33.07533421511229,-0.55
2091,Great value for money and good overall performance.,Positive,1,Home & Kitchen,7171.85,4192.0,8267,3.9,2979.85,8,41.54922028161228,0.58
1310,It works reasonably well but has some limitations.,Neutral,1,Toys & Games,2296.57,828.68,3404,3.3,1467.89,8,63.916788863981225,0.55
429,Not satisfied with the performance of this product.,Negative,0,Clothing,2708.4,1785.28,3129,3.1,923.12,8,34.08341261510627,-0.733
84,"The product is reliable, useful and worth the price.",Positive,1,Home & Kitchen,8520.74,5367.27,164,4.2,3153.47,9,37.009292455700106,0.9
2184,The product is not very reliable and I would not recommend it.,Negative,1,Sports & Fitness,7959.38,1193.91,82,2.9,6765.47,12,85.0,-0.452
1917,The product is not very reliable and I would not recommend it.,Negative,0,Clothing,5985.41,3690.97,1133,2.4,2294.44,12,38.33391438192517,-0.601
817,I liked the quality and would consider buying again.,Positive,1,Books,2209.93,1368.26,942,4.2,841.67,9,38.08592812729793,0.727
917,Very satisfied with the purchase and product quality.,Positive,1,Toys & Games,1221.62,719.09,2981,4.3,502.53,8,41.13662526115623,0.86
3,The quality is acceptable but could be improved.,Neutral,1,Electronics,11226.88,8924.99,2246,2.8,2301.89,8,20.503402674818915,-0.078
934,Great value for money and good overall performance.,Positive,1,Beauty,1460.17,1028.37,286,4.6,431.8,8,29.571668611141508,0.826
748,Very satisfied with the purchase and product quality.,Positive,0,Toys & Games,4652.41,4592.57,386,3.7,59.84,8,1.2861885647433624,0.638
1083,Not satisfied with the performance of this product.,Negative,0,Office Products,3801.06,2146.48,766,2.7,1654.58,8,43.529364446908176,-0.746
1894,The quality is acceptable but could be improved.,Neutral,1,Computers & Accessories,3811.46,3206.99,253,3.4,604.47,8,15.859169508652307,-0.101
532,Average product with acceptable quality.,Neutral,0,Clothing,4681.31,3168.21,1020,3.4,1513.1,5,32.322078744438386,0.145
201,"The product is usable, although the experience is ordinary.",Neutral,1,Electronics,20756.81,16257.02,348,3.6,4499.79,9,21.67860348561261,0.011
1423,The quality is acceptable but could be improved.,Neutral,0,Mobile Accessories,4077.54,1921.35,742,3.1,2156.19,8,52.87968782254396,0.181
392,"The product is reliable, useful and worth the price.",Positive,1,Electronics,22780.27,16371.73,3509,4.7,6408.54,9,28.13198896315498,0.825
2483,Decent product for the price with average performance.,Neutral,1,Office Products,3420.99,2168.33,8867,3.2,1252.66,8,36.61684990189382,-0.353
1693,The product did not work as expected.,Negative,0,Office Products,3491.33,1585.09,485,3.6,1906.24,7,54.59917058539671,-0.715
573,Very satisfied with the purchase and product quality.,Positive,1,Office Products,628.62,477.2,750,4.1,151.42,8,24.08702934062009,1.0
1045,The product is not very reliable and I would not recommend it.,Negative,0,Mobile Accessories,2982.1,1888.33,281,2.5,1093.77,12,36.67789072495938,-0.362
2006,The quality is acceptable but could be improved.,Neutral,1,Electronics,18661.04,3444.75,11401,3.4,15216.29,8,81.54041417401442,0.23
1304,Very satisfied with the purchase and product quality.,Positive,1,Clothing,5841.88,1792.8,371,4.7,4049.08,8,69.31117790562371,0.701
125,Very satisfied with the purchase and product quality.,Positive,0,Books,878.56,579.41,924,3.8,299.15,8,34.05002950950832,0.951
1020,The product did not work as expected.,Negative,0,Clothing,4274.85,2986.75,1167,2.3,1288.1,7,30.132087968053852,-0.595
2343,The product quality is disappointing and needs improvement.,Negative,1,Books,227.3,177.34,7267,2.9,49.96,8,21.98168687960673,-0.543
1253,Not satisfied with the performance of this product.,Negative,0,Mobile Accessories,173.23,142.36,293,3.3,30.87,8,17.818493493560602,-0.464
41,Average product with acceptable quality.,Neutral,1,Clothing,3857.65,2335.28,819,3.8,1522.37,5,39.46363792545569,0.019
2139,It works reasonably well but has some limitations.,Neutral,0,Home & Kitchen,9393.48,6912.7,1124,3.4,2480.78,8,26.409616779687056,-0.013
939,The product is okay and works as described.,Neutral,0,Computers & Accessories,2079.07,870.52,250,3.3,1208.55,8,58.12954021769469,0.176
849,The product is okay and works as described.,Neutral,1,Mobile Accessories,4123.17,2592.43,1623,3.7,1530.74,8,37.12526126780406,-0.151
1811,Very satisfied with the purchase and product quality.,Positive,1,Beauty,294.61,181.97,7328,5.0,112.64,8,38.233422212857874,0.472
2146,The quality is acceptable but could be improved.,Neutral,0,Electronics,22031.7,16934.81,507,3.1,5096.89,8,23.134353945834537,-0.025
1821,Very satisfied with the purchase and product quality.,Positive,1,Office Products,2222.49,728.89,2225,4.0,1493.6,8,67.20387553135312,0.71
2466,Great value for money and good overall performance.,Positive,1,Office Products,726.98,289.6,1200,4.8,437.38,8,60.16332300491199,0.848
1115,Good quality and works exactly as expected.,Positive,1,Computers & Accessories,19373.74,17080.62,1997,4.6,2293.12,7,11.836235756143708,0.736
2118,The product is okay and works as described.,Neutral,1,Sports & Fitness,2720.01,1764.42,291,2.3,955.59,8,35.13192614402743,0.311
2215,Good quality and works exactly as expected.,Positive,1,Mobile Accessories,2905.37,1439.71,2184,4.2,1465.66,7,50.44641489329757,0.569
318,The quality is acceptable but could be improved.,Neutral,0,Sports & Fitness,7561.69,6291.89,1929,2.8,1269.8,8,16.792541870942962,0.099
1501,I expected better performance for the price.,Negative,0,Office Products,1802.48,1501.64,978,3.1,300.84,7,16.690529649502707,-0.72
1723,The quality is poor and the product has several issues.,Negative,0,Books,1753.75,1207.16,2348,2.3,546.59,10,31.166857546711437,-0.656
415,Good quality and works exactly as expected.,Positive,1,Electronics,11618.69,9018.58,1807,3.6,2600.11,7,22.378693318885112,0.64
1032,Excellent product and very useful for daily use.,Positive,0,Office Products,1648.05,1379.46,3392,4.6,268.59,8,16.297686688035775,0.672
2089,I expected better performance for the price.,Negative,1,Sports & Fitness,7047.3,5670.8,424,2.0,1376.5,7,19.53235170558022,-0.782
1981,"The product is usable, although the experience is ordinary.",Neutral,1,Beauty,4173.88,2183.42,1717,3.6,1990.46,9,47.6884623335263,0.296
2485,The product is okay and works as described.,Neutral,1,Office Products,801.42,649.99,246,4.3,151.43,8,18.894956408730142,-0.16
2436,I expected better performance for the price.,Negative,1,Mobile Accessories,2111.32,1381.08,312,2.2,730.24,7,34.58700779644728,-0.714
2116,Not satisfied with the performance of this product.,Negative,1,Electronics,7168.02,2892.55,999,3.5,4275.47,8,59.6464301905859,-0.462
1387,The quality is acceptable but could be improved.,Neutral,1,Toys & Games,313.65,313.65,1234,3.3,0.0,8,0.0,0.284
397,"The product is reliable, useful and worth the price.",Positive,0,Electronics,16261.63,12053.87,538,4.9,4207.76,9,25.875376024197614,0.628
1305,The quality is acceptable but could be improved.,Neutral,1,Computers & Accessories,6100.87,3303.59,866,4.2,2797.28,8,45.85050326097441,-0.167
52,Average product with acceptable quality.,Neutral,0,Mobile Accessories,2010.81,1505.83,1406,3.6,504.98,5,25.11343540289487,-0.117
1637,The product is not very reliable and I would not recommend it.,Negative,1,Sports & Fitness,4414.51,3970.98,913,2.5,443.53,12,10.047004730424302,-0.808
246,The quality is poor and the product has several issues.,Negative,1,Computers & Accessories,5979.62,2733.85,1055,2.1,3245.77,10,54.28049670708855,-1.0
1946,"The product is reliable, useful and worth the price.",Positive,1,Electronics,843.97,567.21,2635,4.2,276.76,9,32.792513355612236,0.603
695,I expected better performance for the price.,Negative,0,Toys & Games,5771.46,5080.28,227,2.5,691.18,7,11.975837936504266,-0.664
1900,I liked the quality and would consider buying again.,Positive,0,Mobile Accessories,1837.09,1343.61,315,4.2,493.48,9,26.86181334101429,0.636
1541,The product did not work as expected.,Negative,0,Home & Kitchen,5018.27,3354.11,2361,1.8,1664.16,7,33.162045897648454,-0.832
202,Not satisfied with the performance of this product.,Negative,0,Electronics,22741.88,12650.85,2791,3.1,10091.03,8,44.3720237279133,-0.858
1526,I liked the quality and would consider buying again.,Positive,0,Clothing,1446.42,665.79,846,3.9,780.63,9,53.96998732504285,0.533
1918,I liked the quality and would consider buying again.,Positive,0,Mobile Accessories,4155.6,2877.19,143,4.0,1278.41,9,30.763556508201027,0.792
1853,The product did not work as expected.,Negative,0,Office Products,1823.63,641.73,156,2.5,1181.9,7,64.81011614310566,-0.923
1645,Decent product for the price with average performance.,Neutral,0,Clothing,5657.55,2231.51,525,4.0,3426.04,8,60.55689135605783,-0.149
1385,Great value for money and good overall performance.,Positive,1,Office Products,3981.77,2120.98,3012,4.4,1860.79,8,46.73263332629142,0.862
1844,The quality is poor and the product has several issues.,Negative,1,Electronics,5364.35,3834.3,4331,2.7,1530.05,10,28.522577301450863,-0.688
2203,The product did not work as expected.,Negative,1,Electronics,10860.68,7310.68,2211,2.9,3550.0,7,32.686751813240164,-0.923
252,The product is not very reliable and I would not recommend it.,Negative,0,Electronics,12250.53,8729.02,50,2.9,3521.51,12,28.745773775648253,-0.919
627,The product quality is disappointing and needs improvement.,Negative,1,Beauty,2315.45,1207.91,255,3.0,1107.54,8,47.832612662499805,-0.831
2178,The quality is poor and the product has several issues.,Negative,1,Home & Kitchen,8929.71,5894.27,225,2.7,3035.44,10,33.99256705293343,-0.675
457,"The product is usable, although the experience is ordinary.",Neutral,0,Sports & Fitness,5642.54,4961.18,1119,3.2,681.36,9,12.07541068479373,-0.138
2228,Great value for money and good overall performance.,Positive,1,Home & Kitchen,607.97,390.48,835,4.9,217.49,8,35.772580442109465,0.614
2378,I expected better performance for the price.,Negative,1,Sports & Fitness,3419.79,2656.94,11115,3.6,762.85,7,22.306817457934528,-0.643
103,Good quality and works exactly as expected.,Positive,1,Computers & Accessories,2347.92,1211.94,447,4.1,1135.98,7,48.38238251492912,0.819
161,Excellent product and very useful for daily use.,Positive,1,Office Products,3097.41,2414.96,950,4.9,682.45,8,22.03295635538592,0.491
1633,Average product with acceptable quality.,Neutral,1,Office Products,1204.85,1075.05,2439,4.1,129.8,5,10.773409696354744,0.5
2271,The product is not very reliable and I would not recommend it.,Negative,0,Books,1553.14,897.32,3231,2.7,655.82,12,42.225664678710146,-0.591
1314,The quality is acceptable but could be improved.,Neutral,0,Electronics,23762.35,12598.39,406,3.5,11163.96,8,46.98171000311062,0.096
578,The product quality is disappointing and needs improvement.,Negative,0,Clothing,1018.41,604.78,9054,2.6,413.63,8,40.61537492890369,-0.845
45,Very satisfied with the purchase and product quality.,Positive,1,Books,772.98,497.93,818,4.7,275.05,8,35.58333057926967,0.825
231,It works reasonably well but has some limitations.,Neutral,1,Sports & Fitness,9397.96,4835.95,5325,3.6,4562.01,8,48.542602087624644,0.143
213,Average product with acceptable quality.,Neutral,1,Computers & Accessories,6319.26,3729.07,1663,3.6,2590.19,5,40.98881491699386,0.057
118,The product is not very reliable and I would not recommend it.,Negative,1,Sports & Fitness,2810.48,1433.23,4119,3.3,1377.25,12,49.00417514333,-0.792
1622,Excellent product and very useful for daily use.,Positive,1,Beauty,868.81,452.35,896,3.6,416.46,8,47.93398408813258,0.909
129,"The product is reliable, useful and worth the price.",Positive,1,Office Products,1361.62,837.61,607,4.6,524.01,9,38.48460210700247,0.975
2123,Not satisfied with the performance of this product.,Negative,1,Computers & Accessories,4078.03,2732.64,2275,3.1,1345.39,8,32.991092413887515,-0.912
797,The product is not very reliable and I would not recommend it.,Negative,1,Toys & Games,564.19,288.33,12890,3.4,275.86,12,48.89486626774513,-0.9
1224,It works reasonably well but has some limitations.,Neutral,1,Office Products,998.88,866.65,7546,3.6,132.23,8,13.237871875772989,-0.193
402,The product is okay and works as described.,Neutral,0,Electronics,23170.94,20650.0,5723,3.5,2520.94,8,10.879746755283996,-0.163
399,The product is okay and works as described.,Neutral,0,Books,1885.03,1469.2,1255,2.9,415.83,8,22.059826843389637,0.072
295,Very satisfied with the purchase and product quality.,Positive,1,Books,954.27,738.76,342,4.6,215.51,8,22.583481059079013,0.8
340,Excellent product and very useful for daily use.,Positive,1,Home & Kitchen,2494.41,2016.23,3050,4.0,478.18,8,19.170197694507184,0.366
1747,It works reasonably well but has some limitations.,Neutral,1,Computers & Accessories,17546.29,7877.77,827,3.6,9668.52,8,55.102911990186044,-0.058
1769,Average product with acceptable quality.,Neutral,1,Office Products,3125.7,2997.19,7712,3.4,128.51,5,4.1114318859963,0.184
885,Average product with acceptable quality.,Neutral,0,Clothing,4690.37,3545.93,223,4.5,1144.44,5,24.399684764512838,-0.08
1619,The product is okay and works as described.,Neutral,1,Office Products,1905.35,1544.19,658,4.1,361.16,8,18.954837786491048,-0.007
1634,The quality is poor and the product has several issues.,Negative,0,Clothing,4032.77,3651.89,393,2.7,380.88,10,9.444549013288945,-0.885
300,Decent product for the price with average performance.,Neutral,1,Computers & Accessories,12893.95,12374.89,2373,3.5,519.06,8,4.025634386239034,0.079
1321,"The product is reliable, useful and worth the price.",Positive,1,Mobile Accessories,4685.14,3949.26,650,4.3,735.88,9,15.706599393514757,0.46
314,It works reasonably well but has some limitations.,Neutral,1,Books,1625.6,1137.47,283,3.3,488.13,8,30.027527966693004,-0.426
784,The product is not very reliable and I would not recommend it.,Negative,1,Home & Kitchen,1439.37,1095.84,844,3.2,343.53,12,23.86693876201212,-0.694
2033,The quality is acceptable but could be improved.,Neutral,1,Clothing,5493.47,4123.13,9309,4.0,1370.34,8,24.944903723569144,0.078
940,The quality is acceptable but could be improved.,Neutral,0,Home & Kitchen,367.76,193.73,1171,3.8,174.03,8,47.321844849671365,0.039
2441,The product is okay and works as described.,Neutral,1,Beauty,4834.71,3167.15,4858,4.0,1667.56,8,34.49148990582787,0.075
1873,The product is not very reliable and I would not recommend it.,Negative,1,Office Products,2172.95,948.75,2456,1.8,1224.2,12,56.33825002246729,-0.781
1869,It works reasonably well but has some limitations.,Neutral,0,Clothing,705.03,389.88,253,3.4,315.15,8,44.70055842647243,-0.397
1708,The product is not very reliable and I would not recommend it.,Negative,1,Mobile Accessories,1270.39,726.08,1032,2.2,544.31,12,42.8459907443978,-0.496
1865,"The product is usable, although the experience is ordinary.",Neutral,1,Mobile Accessories,4766.18,2647.1,2184,3.5,2119.08,9,44.460801732695316,0.082
2154,The product quality is disappointing and needs improvement.,Negative,0,Clothing,2821.6,2429.31,32315,3.1,392.29,8,13.902977275123064,-0.566
2115,The product did not work as expected.,Negative,0,Mobile Accessories,4756.81,4214.18,600,3.1,542.63,7,11.407467022109845,-0.346
498,Great value for money and good overall performance.,Positive,0,Mobile Accessories,541.78,426.53,182,5.0,115.25,8,21.272623068745318,0.858
1587,"The product is reliable, useful and worth the price.",Positive,0,Toys & Games,4263.85,3759.51,632,4.1,504.34,9,11.82837445667857,0.829
301,Not satisfied with the performance of this product.,Negative,0,Computers & Accessories,14455.98,11630.67,244,2.7,2825.31,8,19.54419836023596,-0.771
1863,The product did not work as expected.,Negative,0,Home & Kitchen,7481.98,5488.17,497,2.1,1993.81,7,26.64817263078853,-0.908
1860,The product did not work as expected.,Negative,0,Computers & Accessories,14788.78,7098.99,994,2.5,7689.79,7,51.99745153178253,-0.791
2422,The product is not very reliable and I would not recommend it.,Negative,1,Clothing,4191.89,2835.01,2010,2.4,1356.88,12,32.36925844439291,-0.625
485,The product is not very reliable and I would not recommend it.,Negative,1,Computers & Accessories,5232.88,3658.11,488,2.1,1574.77,12,30.093690090555363,-0.404
944,The product quality is disappointing and needs improvement.,Negative,0,Mobile Accessories,3957.09,1745.46,2097,2.5,2211.63,8,55.89020009991306,-0.57
374,The product is okay and works as described.,Neutral,1,Electronics,5921.06,2974.38,1383,2.8,2946.68,8,49.76615735456592,0.031
1324,"The product is reliable, useful and worth the price.",Positive,1,Clothing,1482.81,1088.8,3679,4.2,394.01,9,26.57161916645223,0.804
889,The quality is poor and the product has several issues.,Negative,1,Sports & Fitness,8049.55,2871.29,523,3.0,5178.26,10,64.32975799961052,-0.618
2467,Great value for money and good overall performance.,Positive,1,Beauty,1417.54,807.05,152,4.5,610.49,8,43.066959669989984,0.798
2221,The product quality is disappointing and needs improvement.,Negative,1,Electronics,17461.14,13584.46,3901,3.1,3876.68,8,22.20173159571311,-0.731
1813,The product is okay and works as described.,Neutral,1,Clothing,4477.29,1796.85,764,3.4,2680.44,8,59.867403120727765,-0.182
897,Excellent product and very useful for daily use.,Positive,0,Clothing,1284.97,746.79,3715,3.9,538.18,8,41.882814066049725,0.747
480,Excellent product and very useful for daily use.,Positive,1,Mobile Accessories,214.28,200.32,774,4.5,13.96,8,6.513354883308459,0.763
2172,Great value for money and good overall performance.,Positive,1,Beauty,2046.69,1632.46,11328,4.7,414.23,8,20.239115483361772,0.637
177,Very satisfied with the purchase and product quality.,Positive,1,Electronics,8825.26,6384.73,2391,4.0,2440.53,8,27.653932575924358,0.789
2300,Great value for money and good overall performance.,Positive,1,Home & Kitchen,5709.73,5709.73,1691,3.9,0.0,8,0.0,0.712
517,Excellent product and very useful for daily use.,Positive,1,Home & Kitchen,3178.83,1827.53,1238,4.1,1351.3,8,42.509349476262145,0.37
2049,Great value for money and good overall performance.,Positive,0,Mobile Accessories,2575.12,2014.04,3967,4.6,561.08,8,21.788673691635267,0.75
1564,The quality is acceptable but could be improved.,Neutral,1,Books,520.98,406.83,1000,3.7,114.15,8,21.910475824091098,-0.382
2291,Not satisfied with the performance of this product.,Negative,1,Clothing,3759.76,2146.42,3389,3.4,1613.34,8,42.91070530328142,-0.642
2084,Good quality and works exactly as expected.,Positive,1,Sports & Fitness,9252.0,5785.28,2005,4.5,3466.72,7,37.46994973427251,0.706
196,The quality is poor and the product has several issues.,Negative,0,Home & Kitchen,7012.52,4419.78,426,3.4,2592.74,10,36.972946282407975,-0.793
1933,I expected better performance for the price.,Negative,0,Electronics,4101.51,1951.48,314,2.6,2150.03,7,52.42048535323859,-1.0
1316,I liked the quality and would consider buying again.,Positive,0,Sports & Fitness,6935.04,6935.04,902,4.1,0.0,9,0.0,0.906
1593,The product is not very reliable and I would not recommend it.,Negative,1,Computers & Accessories,18871.36,9068.53,710,3.0,9802.83,12,51.945523106655244,-0.956
1919,The product is not very reliable and I would not recommend it.,Negative,0,Books,1440.17,924.17,482,2.6,516.0,12,35.828793200804846,-0.682
2303,Very satisfied with the purchase and product quality.,Positive,1,Home & Kitchen,10059.45,7077.05,2363,3.4,2982.4,8,29.647751096269182,0.631
363,The product did not work as expected.,Negative,0,Toys & Games,4881.92,2074.44,161,2.8,2807.48,7,57.50767463356385,-0.861
1269,Decent product for the price with average performance.,Neutral,1,Office Products,395.91,218.41,14715,3.2,177.5,8,44.83259485235979,0.096
419,It works reasonably well but has some limitations.,Neutral,0,Office Products,2588.74,2248.1,6996,3.7,340.64,8,13.158707794980732,0.189
1292,"The product is reliable, useful and worth the price.",Positive,1,Electronics,10805.23,1620.78,298,4.6,9184.45,9,85.0,0.97
110,I expected better performance for the price.,Negative,0,Home & Kitchen,845.31,499.64,2552,3.2,345.67,7,40.89212659534937,-0.419
400,The product is okay and works as described.,Neutral,0,Clothing,1052.15,627.02,4804,3.6,425.13,8,40.40559715662351,-0.152
1864,Great value for money and good overall performance.,Positive,1,Electronics,4324.65,3702.85,76823,5.0,621.8,8,14.378053618990215,1.0
826,Decent product for the price with average performance.,Neutral,0,Books,1150.69,708.26,1256,3.6,442.43,8,38.448926378491706,-0.051
81,Great value for money and good overall performance.,Positive,0,Beauty,4584.91,2980.45,6727,3.9,1604.46,8,34.994407091639296,0.774
700,Great value for money and good overall performance.,Positive,0,Clothing,705.04,361.71,487,4.3,343.33,8,48.69628754708425,0.639
10,The product is not very reliable and I would not recommend it.,Negative,0,Clothing,4268.97,2390.82,1338,2.9,1878.15,12,43.995322607573115,-0.428
1771,Very satisfied with the purchase and product quality.,Positive,1,Mobile Accessories,1591.96,1509.34,459,4.6,82.62,8,5.190052713028514,0.57
660,Not satisfied with the performance of this product.,Negative,0,Home & Kitchen,377.87,290.1,2020,2.9,87.77,8,23.22839675082167,-0.419
2017,"The product is reliable, useful and worth the price.",Positive,1,Mobile Accessories,524.98,420.23,80,4.1,104.75,9,19.952251538965697,0.659
1602,The product is not very reliable and I would not recommend it.,Negative,0,Toys & Games,3217.18,935.32,389,3.6,2281.86,12,70.92746943185091,-0.658
1215,"The product is usable, although the experience is ordinary.",Neutral,1,Sports & Fitness,7905.08,6048.48,863,3.8,1856.6,9,23.486132610265564,-0.159
1397,Not satisfied with the performance of this product.,Negative,0,Computers & Accessories,16828.05,8974.57,540,3.0,7853.48,8,46.66899747725168,-0.669
1268,Average product with acceptable quality.,Neutral,1,Office Products,1684.93,1019.0,422,4.1,665.93,5,39.52245372997211,-0.121
1643,Great value for money and good overall performance.,Positive,1,Computers & Accessories,4279.96,3214.45,470,4.2,1065.51,8,24.895214861787977,0.76
535,Decent product for the price with average performance.,Neutral,1,Electronics,8786.38,6900.01,1000,4.2,1886.37,8,21.46929799917568,0.058
2254,Decent product for the price with average performance.,Neutral,1,Toys & Games,5593.44,3029.59,243,4.4,2563.85,8,45.83666316000575,-0.411
1137,Average product with acceptable quality.,Neutral,1,Electronics,22625.4,18155.09,182,4.5,4470.31,5,19.757927320872078,-0.214
1226,"The product is reliable, useful and worth the price.",Positive,0,Electronics,24635.23,14089.77,1300,4.2,10545.46,9,42.806406476554656,0.881
1445,"The product is reliable, useful and worth the price.",Positive,1,Home & Kitchen,1671.83,1133.87,1852,4.4,537.96,9,32.17771821712526,0.385
644,Very satisfied with the purchase and product quality.,Positive,0,Books,2398.1,1915.05,14951,4.4,483.05,8,20.143037156977336,0.484
807,Decent product for the price with average performance.,Neutral,1,Sports & Fitness,5163.64,3723.25,831,3.4,1440.39,8,27.894833897247587,-0.098
1150,"The product is reliable, useful and worth the price.",Positive,1,Electronics,2321.83,1306.1,719,4.6,1015.73,9,43.74709142829369,0.794
165,I liked the quality and would consider buying again.,Positive,0,Clothing,2897.9,1350.95,1233,4.5,1546.95,9,53.3817118251708,0.507
2266,Great value for money and good overall performance.,Positive,1,Office Products,2554.92,1852.01,1967,4.1,702.91,8,27.51201145794024,0.554
511,The product is not very reliable and I would not recommend it.,Negative,0,Mobile Accessories,772.73,480.86,1951,3.0,291.87,12,37.77157864248233,-0.717
508,Not satisfied with the performance of this product.,Negative,0,Home & Kitchen,11784.72,5961.76,1407,2.7,5822.96,8,49.41110020119639,-0.72
877,Good quality and works exactly as expected.,Positive,1,Beauty,4569.17,3799.23,316,3.6,769.94,7,16.85067791280612,0.596
755,Good quality and works exactly as expected.,Positive,1,Electronics,1409.96,530.89,514,4.7,879.07,7,62.34736680032532,0.588
744,Good quality and works exactly as expected.,Positive,1,Toys & Games,670.69,395.74,392,4.5,274.95,7,40.99536404457018,0.805
933,"The product is usable, although the experience is ordinary.",Neutral,0,Clothing,1213.25,1152.29,1393,3.8,60.96,9,5.024899846724917,0.093
1479,Decent product for the price with average performance.,Neutral,0,Home & Kitchen,4507.93,3603.02,6052,3.8,904.91,8,20.07363107206487,0.099
2439,Excellent product and very useful for daily use.,Positive,1,Electronics,20859.1,18154.36,264,4.7,2704.74,8,12.966738238645515,0.617
1545,Good quality and works exactly as expected.,Positive,1,Computers & Accessories,4317.14,3402.82,1136,4.6,914.32,7,21.178848427207754,0.314
1360,Not satisfied with the performance of this product.,Negative,0,Clothing,750.53,405.01,427,2.8,345.52,8,46.036594701479274,-0.643
2247,Very satisfied with the purchase and product quality.,Positive,0,Mobile Accessories,1072.71,218.6,1462,3.7,854.11,8,79.62197946084392,0.878
637,Excellent product and very useful for daily use.,Positive,1,Toys & Games,3009.54,2424.45,942,4.1,585.09,8,19.441105428320498,0.597
593,"The product is usable, although the experience is ordinary.",Neutral,0,Electronics,7484.03,5485.01,959,3.1,1999.02,9,26.71045547620195,-0.156
1563,The product is not very reliable and I would not recommend it.,Negative,1,Computers & Accessories,4870.45,4225.32,19184,3.1,645.13,12,13.24570960175399,-0.65
1714,Great value for money and good overall performance.,Positive,1,Clothing,1200.7,664.29,181,3.9,536.41,8,44.674617481739475,0.438
93,Great value for money and good overall performance.,Positive,0,Mobile Accessories,1384.89,787.44,471,4.4,597.45,8,43.14077384254683,0.955
689,Decent product for the price with average performance.,Neutral,0,Computers & Accessories,4813.05,3380.87,462,3.5,1432.18,8,29.7561741818813,-0.288
794,Excellent product and very useful for daily use.,Positive,0,Home & Kitchen,5866.59,4427.82,879,4.5,1438.77,8,24.524843914713408,0.69
437,Decent product for the price with average performance.,Neutral,1,Office Products,2692.67,1543.98,10787,3.1,1148.69,8,42.65982824511319,-0.03
1553,"The product is reliable, useful and worth the price.",Positive,1,Sports & Fitness,5842.87,3409.19,563,4.3,2433.68,9,41.652170546163,0.632
1369,The product is okay and works as described.,Neutral,0,Electronics,10595.0,8531.17,4453,3.8,2063.83,8,19.479261832557427,0.159
91,Great value for money and good overall performance.,Positive,1,Electronics,14315.65,8334.51,919,4.1,5981.14,8,41.78040453801299,0.565
901,The product is not very reliable and I would not recommend it.,Negative,0,Clothing,1081.29,854.11,2431,2.9,227.18,12,21.0102665976793,-0.26
1503,Very satisfied with the purchase and product quality.,Positive,0,Beauty,1317.74,1210.87,634,4.6,106.87,8,8.110415541511188,0.587
1351,"The product is reliable, useful and worth the price.",Positive,1,Clothing,3037.83,1750.36,149,3.9,1287.47,9,42.38118322558884,0.903
63,Decent product for the price with average performance.,Neutral,1,Toys & Games,971.41,697.08,1335,3.6,274.33,8,28.23995385851169,-0.346
1082,Decent product for the price with average performance.,Neutral,1,Home & Kitchen,9301.9,5254.91,288,3.6,4046.99,8,43.5071683158195,0.183
1577,The product is not very reliable and I would not recommend it.,Negative,0,Toys & Games,3040.5,1682.75,1221,2.7,1357.75,12,44.65552066471427,-0.804
752,It works reasonably well but has some limitations.,Neutral,1,Electronics,18044.92,11550.27,344,3.6,6494.65,8,35.99158203403386,-0.211
1317,The product is not very reliable and I would not recommend it.,Negative,1,Office Products,265.27,140.32,530,3.1,124.95,12,47.10141751071822,-0.525
1654,The product is okay and works as described.,Neutral,1,Beauty,611.36,387.99,1971,3.0,223.37,8,36.53583906133221,0.143
2413,Great value for money and good overall performance.,Positive,1,Mobile Accessories,4989.02,4530.83,390,4.0,458.19,8,9.183996386628245,0.953
1487,The quality is acceptable but could be improved.,Neutral,0,Books,1961.98,1225.36,1706,3.5,736.62,8,37.54496122780412,-0.029
388,The product did not work as expected.,Negative,1,Sports & Fitness,4047.72,2924.05,261,2.8,1123.67,7,27.760658609745818,-0.575
426,Not satisfied with the performance of this product.,Negative,1,Sports & Fitness,7335.47,3566.68,403,3.2,3768.79,8,51.377564912594636,-0.78
1046,I liked the quality and would consider buying again.,Positive,1,Beauty,1720.98,1470.03,1160,4.6,250.95,9,14.58194062346336,0.518
1980,Excellent product and very useful for daily use.,Positive,1,Computers & Accessories,13028.36,8764.92,655,4.6,4263.44,8,32.724316790895585,0.498
2248,The product is okay and works as described.,Neutral,1,Home & Kitchen,1792.23,1609.12,114,3.6,183.11,8,10.216676825686015,-0.087
2034,"The product is reliable, useful and worth the price.",Positive,0,Office Products,1843.58,1128.61,682,5.0,714.97,9,38.78177665288229,0.485
2231,"The product is reliable, useful and worth the price.",Positive,0,Toys & Games,3162.54,2685.93,963,4.1,476.61,9,15.070616401083889,0.805
2004,Average product with acceptable quality.,Neutral,1,Office Products,894.3,574.66,175,4.3,319.64,5,35.741441020029335,0.199
706,Excellent product and very useful for daily use.,Positive,0,Office Products,2878.56,1613.82,322,4.4,1264.74,8,43.93654435870401,0.676
2016,The quality is poor and the product has several issues.,Negative,0,Beauty,1314.21,456.44,284,2.3,857.77,10,65.26866627691867,-0.665
2042,Excellent product and very useful for daily use.,Positive,0,Computers & Accessories,7357.69,4560.25,658,4.1,2797.44,8,38.02066416495885,0.785
1233,I expected better performance for the price.,Negative,1,Mobile Accessories,2618.11,743.09,1238,2.3,1875.02,7,71.6173772168536,-0.619
931,Excellent product and very useful for daily use.,Positive,0,Books,2331.17,1540.47,44327,5.0,790.7,8,33.91855441353678,0.486
1909,The product did not work as expected.,Negative,0,Electronics,24470.0,11993.83,738,3.4,12476.17,7,50.98557887002853,-0.714
1139,"The product is usable, although the experience is ordinary.",Neutral,1,Electronics,12588.85,11185.04,1286,3.2,1403.81,9,11.151243164675925,-0.138
123,It works reasonably well but has some limitations.,Neutral,0,Mobile Accessories,2557.21,1723.21,874,3.9,834.0,8,32.61361840669903,-0.304
1831,The product quality is disappointing and needs improvement.,Negative,1,Electronics,17646.36,15323.37,821,3.1,2322.99,8,13.164126697834533,-0.631
2143,The product quality is disappointing and needs improvement.,Negative,1,Books,1065.61,575.58,2314,2.7,490.03,8,45.986207116196326,-0.804
1861,The product quality is disappointing and needs improvement.,Negative,1,Sports & Fitness,6884.96,4245.09,1429,2.0,2639.87,8,38.34262902596524,-0.769
334,The product is not very reliable and I would not recommend it.,Negative,0,Computers & Accessories,11467.79,7693.12,166,3.0,3774.67,12,32.91539681104978,-0.594
53,Very satisfied with the purchase and product quality.,Positive,0,Clothing,4593.26,3313.16,4371,4.3,1280.1,8,27.86919339662543,0.284
662,Average product with acceptable quality.,Neutral,1,Computers & Accessories,15286.08,12763.49,41,4.1,2522.59,5,16.502527342257903,0.451
1176,Very satisfied with the purchase and product quality.,Positive,0,Clothing,4879.82,1482.42,494,4.8,3397.4,8,69.6214980262456,1.0
42,It works reasonably well but has some limitations.,Neutral,1,Clothing,3259.9,1991.96,1626,3.8,1267.94,8,38.89513822889618,-0.383
813,Average product with acceptable quality.,Neutral,0,Books,2210.0,1662.05,1135,3.3,547.95,5,24.793923957207333,-0.314
1911,The product did not work as expected.,Negative,0,Mobile Accessories,4204.13,1929.89,703,2.7,2274.24,7,54.09537320700154,-0.841
1576,Decent product for the price with average performance.,Neutral,0,Electronics,19394.57,15706.13,567,4.0,3688.44,8,19.017917992166513,-0.428
2095,Very satisfied with the purchase and product quality.,Positive,1,Sports & Fitness,5307.57,5235.75,34778,4.9,71.82,8,1.353149211217108,0.956
1816,The quality is acceptable but could be improved.,Neutral,0,Sports & Fitness,8933.51,5425.31,2624,2.5,3508.2,8,39.270122381831996,-0.194
1722,Average product with acceptable quality.,Neutral,1,Books,784.07,570.56,1021,3.0,213.51,5,27.231525705396834,-0.032
1340,Great value for money and good overall performance.,Positive,1,Sports & Fitness,4749.09,4025.43,2303,4.1,723.66,8,15.237869295885751,0.627
774,Excellent product and very useful for daily use.,Positive,1,Mobile Accessories,3330.72,2693.77,140,4.2,636.95,8,19.123555422013105,0.485
2328,The product is not very reliable and I would not recommend it.,Negative,0,Clothing,1200.31,664.93,1008,3.2,535.38,12,44.60322733863019,-0.587
2208,The product is okay and works as described.,Neutral,1,Home & Kitchen,9500.2,5114.92,71,3.8,4385.28,8,46.159902931696706,-0.024
682,Decent product for the price with average performance.,Neutral,1,Home & Kitchen,8128.36,4132.42,2533,3.1,3995.94,8,49.16051192353008,0.407
1586,Excellent product and very useful for daily use.,Positive,0,Beauty,2066.27,1577.14,1282,4.5,489.13,8,23.671904328978517,0.727
1567,Not satisfied with the performance of this product.,Negative,1,Electronics,21611.42,11009.45,6863,3.6,10601.97,8,49.057250909903104,-0.534
1125,The product is not very reliable and I would not recommend it.,Negative,0,Beauty,3027.17,1968.42,1025,3.3,1058.75,12,34.97503318736465,-0.617
787,The quality is poor and the product has several issues.,Negative,0,Office Products,2608.7,2076.92,464,3.1,531.78,10,20.384836141372894,-0.776
2219,I liked the quality and would consider buying again.,Positive,1,Beauty,4254.03,2843.78,1468,4.2,1410.25,9,33.15082412430693,0.685
220,Not satisfied with the performance of this product.,Negative,0,Mobile Accessories,480.66,379.29,100,2.9,101.37,8,21.09042341447465,-0.859
2375,Decent product for the price with average performance.,Neutral,0,Computers & Accessories,955.45,527.49,254,2.6,427.96,8,44.79180311019022,-0.009
830,"The product is usable, although the experience is ordinary.",Neutral,1,Home & Kitchen,6680.53,4104.88,145,4.1,2575.65,9,38.554532370663296,-0.387
2431,The product quality is disappointing and needs improvement.,Negative,0,Toys & Games,455.51,340.15,510,2.2,115.36,8,25.324849056506775,-0.265
2064,The quality is acceptable but could be improved.,Neutral,0,Electronics,2903.61,1958.71,553,3.2,944.9,8,32.542095063174635,0.132
1924,The product is not very reliable and I would not recommend it.,Negative,1,Office Products,252.81,169.98,4051,2.9,82.83,12,32.76205472369489,-1.0
2152,I liked the quality and would consider buying again.,Positive,1,Office Products,430.44,234.74,239,4.5,195.7,9,45.464506242307294,0.707
378,"The product is usable, although the experience is ordinary.",Neutral,1,Electronics,11428.84,8401.48,7533,3.8,3027.36,9,26.48875832932047,0.057
292,Good quality and works exactly as expected.,Positive,0,Sports & Fitness,5124.91,3215.12,237,4.6,1909.79,7,37.2647954263807,0.716
1828,Good quality and works exactly as expected.,Positive,1,Mobile Accessories,2170.14,1172.33,1107,4.0,997.81,7,45.979101172829175,0.847
175,I expected better performance for the price.,Negative,1,Sports & Fitness,3228.9,3228.9,445,2.1,0.0,7,0.0,-0.686
561,The quality is acceptable but could be improved.,Neutral,1,Toys & Games,5075.95,3395.7,3717,3.3,1680.25,8,33.10218369645624,-0.012
571,I expected better performance for the price.,Negative,1,Home & Kitchen,4761.66,2674.41,1585,2.7,2087.25,7,43.83457733947755,-0.631
811,The product quality is disappointing and needs improvement.,Negative,1,Computers & Accessories,3463.7,1999.34,771,2.8,1464.36,8,42.2773232944394,-0.427
2157,The product is okay and works as described.,Neutral,1,Computers & Accessories,2244.14,1026.69,1172,4.1,1217.45,8,54.250158988223724,-0.015
2168,"The product is usable, although the experience is ordinary.",Neutral,1,Sports & Fitness,4659.76,2930.11,784,3.9,1729.65,9,37.11884502577617,-0.155
1926,Not satisfied with the performance of this product.,Negative,1,Sports & Fitness,4335.69,2294.12,381,3.0,2041.57,8,47.087653180671374,-0.743
346,I expected better performance for the price.,Negative,0,Computers & Accessories,8423.23,8423.23,100,3.2,0.0,7,0.0,-0.294
2194,Decent product for the price with average performance.,Neutral,1,Sports & Fitness,9812.26,4890.69,419,4.4,4921.57,8,50.15735233705335,-0.162
2181,The product is not very reliable and I would not recommend it.,Negative,0,Sports & Fitness,378.09,220.79,4786,3.0,157.3,12,41.604396286372705,-0.377
154,The quality is acceptable but could be improved.,Neutral,1,Clothing,3536.57,2900.87,302,3.6,635.7,8,17.974939745054886,-0.038
2402,The product is not very reliable and I would not recommend it.,Negative,1,Computers & Accessories,3606.48,2091.81,217,2.5,1514.67,12,41.99849979201466,-0.699
1912,Average product with acceptable quality.,Neutral,1,Electronics,8086.1,5782.58,1687,4.1,2303.52,5,28.487361294589654,-0.433
1639,The product did not work as expected.,Negative,0,Home & Kitchen,6578.38,4546.48,1051,1.8,2031.9,7,30.887542919799472,-0.579
2053,The quality is acceptable but could be improved.,Neutral,1,Sports & Fitness,8584.83,4744.29,11731,3.5,3840.54,8,44.7363800497239,0.276
1323,Not satisfied with the performance of this product.,Negative,0,Sports & Fitness,6670.67,6118.57,804,2.2,552.1,8,8.27657168041248,-0.65
5,Not satisfied with the performance of this product.,Negative,1,Mobile Accessories,1331.78,854.75,1407,2.6,477.03,8,35.818821451359746,-0.916
988,Good quality and works exactly as expected.,Positive,1,Home & Kitchen,4948.1,4063.95,3969,4.5,884.15,7,17.868517889674134,0.556
24,The product quality is disappointing and needs improvement.,Negative,0,Home & Kitchen,2851.01,2544.08,1815,1.5,306.93,8,10.765563906729682,-0.847
2320,The product is okay and works as described.,Neutral,0,Electronics,11681.29,9540.28,4040,4.0,2141.01,8,18.328558361594908,-0.083
737,The quality is poor and the product has several issues.,Negative,0,Office Products,3287.79,1218.6,687,2.2,2069.19,10,62.935516673414384,-0.594
299,Not satisfied with the performance of this product.,Negative,0,Office Products,849.27,352.87,1018,3.0,496.4,8,58.45048175255438,-0.269
2401,Excellent product and very useful for daily use.,Positive,1,Mobile Accessories,3528.04,2842.06,18095,4.9,685.98,8,19.443606086587955,0.604
50,The product is okay and works as described.,Neutral,0,Books,389.1,228.24,5890,3.3,160.86,8,41.34088847728651,0.5
947,"The product is reliable, useful and worth the price.",Positive,1,Beauty,250.92,171.99,3124,4.3,78.93,9,31.45530719938521,0.79
1298,The quality is acceptable but could be improved.,Neutral,0,Beauty,948.67,408.9,115,3.7,539.77,8,56.89779699056658,0.202
468,The quality is acceptable but could be improved.,Neutral,1,Computers & Accessories,16520.1,9819.49,184,3.7,6700.61,8,40.560345328452755,-0.013
781,"The product is usable, although the experience is ordinary.",Neutral,0,Beauty,3556.1,2514.32,409,4.0,1041.78,9,29.295436591841348,0.059
2249,"The product is reliable, useful and worth the price.",Positive,1,Beauty,4088.22,1548.62,1308,3.9,2539.6,9,62.120032438831146,0.369
621,The product is okay and works as described.,Neutral,1,Mobile Accessories,3187.28,2322.75,1271,3.8,864.53,8,27.124510430739573,0.3
840,The product did not work as expected.,Negative,1,Mobile Accessories,3411.65,1392.65,588,3.2,2019.0,7,59.179720831753755,-0.918
28,"The product is usable, although the experience is ordinary.",Neutral,1,Office Products,450.34,383.4,704,4.0,66.94,9,14.863479179379688,0.166
1349,Average product with acceptable quality.,Neutral,1,Computers & Accessories,11226.27,5817.06,826,3.5,5409.21,5,48.18349267565937,0.054
1242,"The product is usable, although the experience is ordinary.",Neutral,1,Mobile Accessories,4564.27,2479.89,664,4.2,2084.38,9,45.66743328466358,0.127
1358,Not satisfied with the performance of this product.,Negative,0,Computers & Accessories,9149.92,3953.32,62,2.2,5196.6,8,56.793908584347484,-0.473
1312,Average product with acceptable quality.,Neutral,1,Computers & Accessories,6692.27,4154.72,2021,3.3,2537.55,5,37.91757364127798,0.306
2102,Great value for money and good overall performance.,Positive,1,Mobile Accessories,3182.36,1637.93,77,4.4,1544.43,8,48.53097938350992,0.765
176,The product is okay and works as described.,Neutral,0,Books,1188.95,776.77,2621,2.5,412.18,8,34.66768098585941,0.24
2054,Excellent product and very useful for daily use.,Positive,0,Electronics,1717.03,943.43,1039,3.8,773.6,8,45.05453352349508,0.677
1396,The quality is poor and the product has several issues.,Negative,1,Beauty,3831.22,2537.55,1354,2.7,1293.67,10,33.76653674657936,-1.0
990,The product did not work as expected.,Negative,0,Electronics,12379.01,8028.79,70,3.5,4350.22,7,35.14192748051,-0.743
568,Decent product for the price with average performance.,Neutral,0,Computers & Accessories,13624.1,8277.63,4183,4.3,5346.47,8,39.242715499449645,0.173
2451,The product is okay and works as described.,Neutral,1,Home & Kitchen,7216.3,1829.5,6517,3.5,5386.8,8,74.64761259776215,-0.181
2196,I liked the quality and would consider buying again.,Positive,1,Mobile Accessories,1895.91,1207.4,128,4.3,688.51,9,36.3154226314657,0.82
803,The product is okay and works as described.,Neutral,1,Mobile Accessories,2610.15,1872.55,1550,3.8,737.6,8,28.2590479311529,0.083
1191,I liked the quality and would consider buying again.,Positive,0,Toys & Games,2654.86,1168.72,421,4.3,1486.14,9,55.97795115141092,0.727
1393,"The product is usable, although the experience is ordinary.",Neutral,1,Mobile Accessories,2642.23,1211.36,202,3.2,1430.87,9,54.15406579538407,0.527
1488,Excellent product and very useful for daily use.,Positive,0,Home & Kitchen,9934.84,6743.16,1805,4.4,3191.68,8,32.12614596507577,0.396
1256,"The product is reliable, useful and worth the price.",Positive,1,Beauty,742.1,640.79,3151,5.0,101.31,9,13.65191121469542,0.81
1956,Good quality and works exactly as expected.,Positive,1,Sports & Fitness,5088.64,3862.85,3592,4.3,1225.79,7,24.088802751722188,0.702
850,Great value for money and good overall performance.,Positive,1,Toys & Games,1929.97,1929.97,2372,4.2,0.0,8,0.0,1.0
2108,Not satisfied with the performance of this product.,Negative,0,Home & Kitchen,10676.49,8210.68,2172,2.6,2465.81,8,23.095742146560497,-0.668
1717,Good quality and works exactly as expected.,Positive,1,Beauty,727.24,413.81,817,3.8,313.43,7,43.098804475179406,0.821
286,"The product is usable, although the experience is ordinary.",Neutral,1,Sports & Fitness,5095.04,1906.52,2487,2.6,3188.52,9,62.58091536656936,0.005
2349,The product is not very reliable and I would not recommend it.,Negative,0,Toys & Games,637.53,343.14,789,3.2,294.39,12,46.17642007254046,-0.546
1079,It works reasonably well but has some limitations.,Neutral,1,Electronics,18201.8,12866.02,14875,4.0,5335.78,8,29.314599090197326,0.114
1142,I expected better performance for the price.,Negative,0,Home & Kitchen,7863.11,6418.82,1328,2.3,1444.29,7,18.36793974962218,-0.471
2213,Not satisfied with the performance of this product.,Negative,1,Sports & Fitness,5617.52,2866.78,405,2.7,2750.74,8,48.967160517362274,-0.579
1198,I liked the quality and would consider buying again.,Positive,1,Toys & Games,4269.09,1776.3,157,4.5,2492.79,9,58.39170404058612,0.848
124,The product is okay and works as described.,Neutral,0,Computers & Accessories,15770.48,11764.99,2922,2.8,4005.49,8,25.398662733589994,-0.152
1847,Average product with acceptable quality.,Neutral,1,Home & Kitchen,2251.68,2251.68,1074,4.0,0.0,5,0.0,-0.223
1794,The product quality is disappointing and needs improvement.,Negative,0,Mobile Accessories,1951.91,1594.25,23872,2.1,357.66,8,18.323659868706706,-0.775
956,Average product with acceptable quality.,Neutral,0,Beauty,2592.98,1594.89,227,3.5,998.09,5,38.491914121611025,0.145
11,"The product is usable, although the experience is ordinary.",Neutral,1,Home & Kitchen,11152.65,10083.56,1352,2.7,1069.09,9,9.586000230717907,-0.204
730,Not satisfied with the performance of this product.,Negative,0,Electronics,14679.33,12723.06,2139,2.9,1956.27,8,13.326690723762248,-1.0
542,Great value for money and good overall performance.,Positive,0,Office Products,201.0,176.39,656,3.8,24.61,8,12.242606460423694,0.938
1264,The product is not very reliable and I would not recommend it.,Negative,0,Office Products,1288.13,922.52,283,2.4,365.61,12,28.382639821923302,-0.681
549,The product is not very reliable and I would not recommend it.,Negative,1,Clothing,3738.76,3738.76,1714,2.6,0.0,12,0.0,-0.946
1187,Great value for money and good overall performance.,Positive,1,Sports & Fitness,1644.28,1052.44,870,4.1,591.84,8,35.99363151351736,0.842
1420,"The product is usable, although the experience is ordinary.",Neutral,1,Computers & Accessories,9026.19,7892.62,154,2.9,1133.57,9,12.55865243359355,-0.09
833,Very satisfied with the purchase and product quality.,Positive,0,Sports & Fitness,2922.33,2415.11,3480,3.1,507.22,8,17.356576866449906,0.976
783,The product quality is disappointing and needs improvement.,Negative,1,Computers & Accessories,14167.73,8177.02,2752,3.3,5990.71,8,42.284157243749235,-0.298
2480,Great value for money and good overall performance.,Positive,1,Toys & Games,3914.57,2773.39,2801,4.6,1141.18,8,29.15208839104347,0.716
2327,The product is not very reliable and I would not recommend it.,Negative,0,Beauty,3883.33,1958.48,7307,2.2,1924.85,12,49.56704945090992,-0.443
2244,I liked the quality and would consider buying again.,Positive,1,Clothing,911.02,461.64,13414,4.6,449.38,9,49.32680207182544,0.934
1466,Not satisfied with the performance of this product.,Negative,1,Office Products,2406.61,1410.54,603,2.1,996.07,8,41.38876813980439,-0.681
1248,I liked the quality and would consider buying again.,Positive,0,Beauty,2490.95,1608.67,203,4.7,882.28,9,35.41939721629441,0.785
1185,The quality is acceptable but could be improved.,Neutral,1,Office Products,1897.87,1338.28,96,3.3,559.59,8,29.484977068637775,0.008
169,Good quality and works exactly as expected.,Positive,1,Computers & Accessories,2554.26,1615.69,6702,4.5,938.57,7,36.745345459986034,0.545
960,Good quality and works exactly as expected.,Positive,0,Electronics,7305.56,4338.34,1707,4.2,2967.22,7,40.61590342816882,0.574
101,I liked the quality and would consider buying again.,Positive,1,Books,1817.67,964.41,483,4.1,853.26,9,46.9426266070337,0.573
664,"The product is usable, although the experience is ordinary.",Neutral,1,Mobile Accessories,4605.76,3365.35,1246,3.4,1240.41,9,26.931633588415455,0.072
698,The product did not work as expected.,Negative,0,Electronics,14766.91,9850.87,1016,2.5,4916.04,7,33.29090289180883,-0.846
2133,The product did not work as expected.,Negative,1,Office Products,1047.19,419.65,734,2.1,627.54,7,59.92650133435446,-0.572
975,Excellent product and very useful for daily use.,Positive,1,Toys & Games,2841.78,666.95,405,4.3,2174.83,8,76.53041833611637,1.0
724,"The product is reliable, useful and worth the price.",Positive,0,Electronics,20163.16,16022.6,794,4.6,4140.56,9,20.53527320500843,0.695
1688,Not satisfied with the performance of this product.,Negative,1,Computers & Accessories,11679.66,5617.97,1676,2.9,6061.69,8,51.899529803119805,-0.404
1680,The product is okay and works as described.,Neutral,0,Home & Kitchen,2622.64,1691.22,443,3.4,931.42,8,35.514463580672185,0.298
1239,"The product is usable, although the experience is ordinary.",Neutral,1,Books,1814.09,1236.95,459,2.9,577.14,9,31.814165116827446,0.21
2113,Average product with acceptable quality.,Neutral,1,Books,1893.47,1266.12,451,3.8,627.35,5,33.13247719375281,-0.104
596,"The product is reliable, useful and worth the price.",Positive,1,Sports & Fitness,6952.0,5299.08,1523,4.2,1652.92,9,23.776118118717797,0.66
339,The quality is poor and the product has several issues.,Negative,1,Mobile Accessories,2959.39,1901.61,2477,2.2,1057.78,10,35.74328887728256,-1.0
1394,The product quality is disappointing and needs improvement.,Negative,0,Electronics,22589.92,11337.09,1173,2.6,11252.83,8,49.81348323278657,-0.928
1590,Decent product for the price with average performance.,Neutral,0,Sports & Fitness,1751.14,1067.34,1205,3.7,683.8,8,39.048980759708456,-0.068
1171,The product is okay and works as described.,Neutral,1,Clothing,3692.56,2248.66,641,4.0,1443.9,8,39.10285058619951,-0.264
2346,Very satisfied with the purchase and product quality.,Positive,1,Clothing,4488.36,3530.3,3449,3.9,958.06,8,21.345436854087566,0.626
427,The quality is poor and the product has several issues.,Negative,1,Mobile Accessories,3025.3,1795.03,995,2.1,1230.27,10,40.665970022554305,-0.759
145,The product is not very reliable and I would not recommend it.,Negative,0,Electronics,15932.45,13424.53,444,3.1,2507.92,12,15.740949309648038,-0.873
1152,The product did not work as expected.,Negative,0,Sports & Fitness,7534.43,5054.3,2830,3.0,2480.13,7,32.91729898428926,-0.422
1615,It works reasonably well but has some limitations.,Neutral,0,Clothing,380.88,284.18,537,2.4,96.7,8,25.387361329476548,0.199
1025,The quality is poor and the product has several issues.,Negative,1,Sports & Fitness,5701.81,3506.22,827,3.1,2195.59,10,38.50689725619761,-0.6
761,Very satisfied with the purchase and product quality.,Positive,1,Office Products,3663.76,3287.06,608,4.1,376.7,8,10.281742203233073,0.791
1057,Excellent product and very useful for daily use.,Positive,0,Mobile Accessories,2892.14,2869.22,2726,4.1,22.92,8,0.7924036126955585,0.754
1220,It works reasonably well but has some limitations.,Neutral,0,Electronics,11062.26,7714.71,228,3.4,3347.55,8,30.261024321220454,-0.09
80,Decent product for the price with average performance.,Neutral,0,Electronics,4330.44,2169.69,948,3.3,2160.75,8,49.896702533575315,0.031
470,Average product with acceptable quality.,Neutral,1,Computers & Accessories,19675.45,16805.66,1783,3.6,2869.79,5,14.58563855840126,-0.213
491,Good quality and works exactly as expected.,Positive,0,Clothing,574.02,513.08,769,4.6,60.94,7,10.617147670253448,0.813
1734,The product is not very reliable and I would not recommend it.,Negative,0,Sports & Fitness,4808.4,3373.41,117,2.3,1434.99,12,29.84346514664589,-0.274
1471,It works reasonably well but has some limitations.,Neutral,1,Home & Kitchen,9486.26,5658.7,503,3.6,3827.56,8,40.34841607397347,0.012
332,The product quality is disappointing and needs improvement.,Negative,1,Home & Kitchen,4686.57,3383.79,406,2.3,1302.78,8,27.79813725295506,-0.898
1041,The product quality is disappointing and needs improvement.,Negative,0,Home & Kitchen,686.21,559.96,502,1.8,126.25,8,18.397983478889113,-0.763
1942,I liked the quality and would consider buying again.,Positive,1,Computers & Accessories,708.98,427.68,155,4.1,281.3,9,39.67623371701275,0.712
361,The quality is poor and the product has several issues.,Negative,1,Beauty,2727.01,2220.24,506,1.7,506.77,10,18.583276020351203,-0.598
1418,"The product is reliable, useful and worth the price.",Positive,1,Books,937.27,937.27,264,4.4,0.0,9,0.0,1.0
2046,Excellent product and very useful for daily use.,Positive,1,Clothing,2537.93,1172.39,3904,3.8,1365.54,8,53.80531412789517,0.899
2198,The product quality is disappointing and needs improvement.,Negative,1,Mobile Accessories,4767.09,2311.46,23803,2.8,2455.63,8,51.51213528738822,-0.668
1064,Not satisfied with the performance of this product.,Negative,1,Home & Kitchen,8454.22,5726.9,3866,2.5,2727.32,8,32.25990828608811,-0.511
1116,"The product is reliable, useful and worth the price.",Positive,1,Home & Kitchen,440.24,336.38,574,4.6,103.86,9,23.59212183382065,0.73
171,Average product with acceptable quality.,Neutral,1,Clothing,932.62,591.53,1933,3.4,341.09,5,36.57336213710943,0.045
273,It works reasonably well but has some limitations.,Neutral,0,Beauty,2997.18,2546.27,513,2.9,450.91,8,15.044442837845807,0.26
859,"The product is reliable, useful and worth the price.",Positive,1,Mobile Accessories,3377.41,988.35,2001,3.9,2389.06,9,70.73635879641662,0.743
1100,The product did not work as expected.,Negative,0,Books,164.78,164.78,263,3.3,0.0,7,0.0,-0.703
2465,Average product with acceptable quality.,Neutral,1,Beauty,2422.41,1171.7,772,3.9,1250.71,5,51.63082636739992,0.202
325,The product is okay and works as described.,Neutral,0,Sports & Fitness,8564.55,6379.1,4323,3.6,2185.45,8,25.517370272658226,-0.098
420,I expected better performance for the price.,Negative,1,Beauty,2243.87,1818.74,220,3.2,425.13,7,18.946208292414063,-0.428
1164,The product quality is disappointing and needs improvement.,Negative,1,Office Products,3966.05,1273.86,3157,2.8,2692.19,8,67.88090515265236,-0.698
1859,The product is not very reliable and I would not recommend it.,Negative,1,Mobile Accessories,1069.5,761.48,400,3.0,308.02,12,28.80001779258081,-0.715
1706,It works reasonably well but has some limitations.,Neutral,1,Mobile Accessories,3353.98,503.1,873,3.4,2850.88,8,85.0,0.244
57,Not satisfied with the performance of this product.,Negative,0,Beauty,3252.65,2519.71,1284,2.7,732.94,8,22.533503912515577,-0.909
1927,The quality is poor and the product has several issues.,Negative,1,Clothing,1342.87,1008.72,151,2.7,334.15,10,24.882982267448458,-0.708
2421,Great value for money and good overall performance.,Positive,1,Electronics,1846.24,1343.61,13576,4.8,502.63,8,27.224262745043028,0.319
1692,"The product is usable, although the experience is ordinary.",Neutral,0,Toys & Games,4980.21,3188.66,742,3.0,1791.55,9,35.97342068318927,0.217
108,The product did not work as expected.,Negative,0,Clothing,4439.74,1858.12,748,2.4,2581.62,7,58.148024194631276,-0.985
537,It works reasonably well but has some limitations.,Neutral,1,Home & Kitchen,7528.38,5139.96,296,3.3,2388.42,8,31.72550891199431,0.334
237,Not satisfied with the performance of this product.,Negative,1,Toys & Games,3699.51,2420.1,1193,2.8,1279.41,8,34.583200694593884,-0.464
1736,Average product with acceptable quality.,Neutral,0,Sports & Fitness,8248.57,4570.23,154,3.3,3678.34,5,44.593626298397346,0.066
1523,Great value for money and good overall performance.,Positive,0,Beauty,2643.43,734.16,806,3.7,1909.27,8,72.22686286125017,0.603
1887,The product is not very reliable and I would not recommend it.,Negative,1,Electronics,19311.46,10283.77,2392,2.5,9027.69,12,46.74784805171372,-0.89
1875,Average product with acceptable quality.,Neutral,1,Beauty,587.64,331.33,535,3.9,256.31,5,43.6162488865079,-0.058
338,Good quality and works exactly as expected.,Positive,1,Books,435.65,198.84,3462,4.1,236.81,7,54.357055141106066,0.392
2442,Not satisfied with the performance of this product.,Negative,0,Toys & Games,1554.64,1001.36,6631,3.3,553.28,8,35.58905112409729,-0.269
270,The product quality is disappointing and needs improvement.,Negative,1,Books,1184.69,414.72,1961,3.6,769.97,8,64.99373842687339,-0.733
985,The product quality is disappointing and needs improvement.,Negative,0,Computers & Accessories,11699.58,8859.2,137,2.8,2840.38,8,24.277592642828623,-0.635
462,The quality is acceptable but could be improved.,Neutral,0,Sports & Fitness,7908.34,6486.85,3031,3.3,1421.49,8,17.974625617836598,0.041
75,Very satisfied with the purchase and product quality.,Positive,1,Mobile Accessories,501.85,283.72,2229,4.0,218.13,8,43.464747456731345,0.585
60,The product did not work as expected.,Negative,1,Home & Kitchen,4743.34,3243.6,13200,2.5,1499.74,7,31.61772910201809,-0.778
405,"The product is reliable, useful and worth the price.",Positive,1,Beauty,4574.06,1978.47,1770,4.1,2595.59,9,56.7459682530533,0.865
1311,Good quality and works exactly as expected.,Positive,1,Office Products,2908.61,1982.77,1748,4.7,925.84,7,31.8309892393249,0.715
493,The quality is acceptable but could be improved.,Neutral,0,Beauty,3168.31,1849.96,2879,3.2,1318.35,8,41.61066765997134,0.124
572,The product is not very reliable and I would not recommend it.,Negative,0,Books,1068.17,960.52,396,2.2,107.65,12,10.077958755857203,-1.0
1193,The product did not work as expected.,Negative,1,Toys & Games,2491.23,1394.7,446,1.8,1096.53,7,44.01559302603745,-0.748
2486,I liked the quality and would consider buying again.,Positive,0,Toys & Games,1825.37,1363.63,2453,4.4,461.74,9,25.295602354706027,0.937
1606,The quality is poor and the product has several issues.,Negative,0,Books,715.75,328.92,6471,2.2,386.83,10,54.04471575186244,-0.864
1432,Average product with acceptable quality.,Neutral,0,Mobile Accessories,3352.57,1670.87,4367,4.0,1681.7,5,50.161599722895964,-0.411
740,"The product is reliable, useful and worth the price.",Positive,1,Clothing,862.87,478.44,108,4.6,384.43,9,44.55240458878132,0.481
2211,Excellent product and very useful for daily use.,Positive,1,Home & Kitchen,6024.99,3803.2,1554,4.4,2221.79,8,36.87618259923392,0.734
12,Excellent product and very useful for daily use.,Positive,1,Sports & Fitness,2299.13,1714.05,870,4.2,585.08,8,25.447857924074768,0.736
1788,"The product is reliable, useful and worth the price.",Positive,0,Toys & Games,1994.74,1477.83,3225,4.8,516.91,9,25.913706994302014,0.554
1896,I expected better performance for the price.,Negative,0,Office Products,1009.65,673.53,3109,3.3,336.12,7,33.29063062891016,-0.656
1817,Not satisfied with the performance of this product.,Negative,0,Clothing,661.46,464.56,444,3.2,196.9,8,29.767609460389743,-0.462
228,The quality is poor and the product has several issues.,Negative,1,Toys & Games,1352.01,1014.32,2227,2.9,337.69,10,24.976998087695907,-1.0
2394,The product quality is disappointing and needs improvement.,Negative,1,Sports & Fitness,8417.86,4983.61,21934,2.7,3434.25,8,40.79714444454752,-0.477
2420,The product is okay and works as described.,Neutral,1,Clothing,4888.01,1101.26,351,3.3,3786.75,8,77.47009574351607,-0.014
27,"The product is reliable, useful and worth the price.",Positive,1,Books,1248.23,1083.72,1719,4.6,164.51,9,13.179158667870855,0.634
160,Good quality and works exactly as expected.,Positive,1,Mobile Accessories,2460.24,1364.51,3418,4.5,1095.73,7,44.537513796927755,0.518
1888,The quality is poor and the product has several issues.,Negative,1,Toys & Games,1991.88,1124.44,5003,2.8,867.44,10,43.54863060895387,-0.806
528,The quality is poor and the product has several issues.,Negative,1,Home & Kitchen,4442.72,3817.35,1206,2.6,625.37,10,14.076372659272408,-0.379
1289,Not satisfied with the performance of this product.,Negative,0,Home & Kitchen,4413.56,2342.7,1542,2.5,2070.86,8,46.92038684198864,-0.636
2312,Decent product for the price with average performance.,Neutral,0,Books,1577.19,530.78,686,3.3,1046.41,8,66.34657360269287,-0.086
243,Great value for money and good overall performance.,Positive,1,Toys & Games,5843.04,4632.71,1125,4.2,1210.33,8,20.71402485438239,0.82
728,The product quality is disappointing and needs improvement.,Negative,0,Clothing,479.46,479.46,703,2.4,0.0,8,0.0,-0.464
2427,Decent product for the price with average performance.,Neutral,1,Electronics,7153.46,7153.46,338,3.3,0.0,8,0.0,-0.202
2176,"The product is usable, although the experience is ordinary.",Neutral,0,Books,1214.54,607.78,888,3.7,606.76,9,49.958011158975765,-0.104
1026,It works reasonably well but has some limitations.,Neutral,1,Sports & Fitness,3114.98,1608.29,39,3.8,1506.69,8,48.369065589017346,-0.133
1102,Decent product for the price with average performance.,Neutral,0,Clothing,527.27,294.03,377,3.1,233.24,8,44.235196740282674,-0.219
878,The product is not very reliable and I would not recommend it.,Negative,1,Books,1066.01,442.11,1133,2.9,623.9,12,58.526988512111764,-0.92
471,It works reasonably well but has some limitations.,Neutral,1,Home & Kitchen,2361.5,1965.88,551,3.4,395.62,8,16.752949667320273,0.239
1404,Not satisfied with the performance of this product.,Negative,0,Books,911.41,489.88,2010,3.1,421.53,8,46.24981219913918,-0.544
1422,"The product is reliable, useful and worth the price.",Positive,1,Computers & Accessories,17885.68,7281.37,1708,4.2,10604.31,9,59.28938442945379,0.96
72,Decent product for the price with average performance.,Neutral,1,Beauty,3591.77,1914.31,323,3.4,1677.46,8,46.70278821740604,-0.067
2366,"The product is reliable, useful and worth the price.",Positive,1,Electronics,2199.01,1611.14,1472,4.0,587.87,9,26.73346444862702,1.0
2329,The product quality is disappointing and needs improvement.,Negative,1,Office Products,2478.49,610.62,356,3.4,1867.87,8,75.36337266049344,-0.746
2417,The product is okay and works as described.,Neutral,0,Home & Kitchen,10412.78,8729.52,2450,2.3,1683.26,8,16.16528694382603,-0.124
506,The product is not very reliable and I would not recommend it.,Negative,0,Home & Kitchen,10248.44,6110.53,803,2.4,4137.91,12,40.376044193505024,-0.744
2235,I expected better performance for the price.,Negative,0,Mobile Accessories,900.19,441.36,474,2.3,458.83,7,50.97000232380758,-0.802
2166,The quality is poor and the product has several issues.,Negative,0,Electronics,6444.92,4704.53,959,2.9,1740.39,10,27.004130711233426,-0.827
212,Good quality and works exactly as expected.,Positive,1,Books,502.04,441.39,1006,4.4,60.65,7,12.080848216326544,0.964
2416,The quality is acceptable but could be improved.,Neutral,1,Clothing,2420.92,1812.93,740,3.3,607.99,8,25.113841070257813,-0.319
1072,Not satisfied with the performance of this product.,Negative,0,Beauty,3392.34,2460.33,1139,2.3,932.01,8,27.47406676769426,-1.0
2068,Very satisfied with the purchase and product quality.,Positive,1,Clothing,4898.33,3078.6,3994,4.2,1819.73,8,37.14999818012154,0.867
620,The product quality is disappointing and needs improvement.,Negative,0,Home & Kitchen,7371.59,1540.22,559,3.0,5831.37,8,79.10598722414449,-0.619
1054,Excellent product and very useful for daily use.,Positive,1,Clothing,4271.52,1758.7,127,4.1,2512.82,8,58.8272524377226,0.635
1378,I liked the quality and would consider buying again.,Positive,1,Office Products,2048.87,1176.81,265,4.6,872.06,9,42.56309580813891,0.741
2364,I liked the quality and would consider buying again.,Positive,1,Electronics,24624.23,11376.41,2108,4.8,13247.82,9,53.79994881691246,0.778
1504,I liked the quality and would consider buying again.,Positive,0,Clothing,3438.44,2189.97,1895,3.7,1248.47,9,36.30922922234587,0.375
1836,Very satisfied with the purchase and product quality.,Positive,0,Office Products,1433.94,1433.94,5139,4.4,0.0,8,0.0,0.662
2293,Not satisfied with the performance of this product.,Negative,0,Toys & Games,5334.23,2675.92,3728,2.7,2658.31,8,49.83485429150852,-0.553
2188,I expected better performance for the price.,Negative,0,Computers & Accessories,1832.52,1488.77,194,3.8,343.75,7,18.75855660393174,-0.308
514,Average product with acceptable quality.,Neutral,1,Home & Kitchen,11867.83,6654.33,4109,3.2,5213.5,5,43.9297164741471,-0.197
1507,"The product is reliable, useful and worth the price.",Positive,1,Beauty,4572.82,3811.18,1278,4.0,761.64,9,16.65579357565514,0.622
1263,Not satisfied with the performance of this product.,Negative,1,Office Products,1613.2,1059.58,3744,2.9,553.62,8,34.31814703394726,-0.694
355,I expected better performance for the price.,Negative,0,Beauty,1748.08,1014.53,2591,2.8,733.55,7,41.963265956604914,-0.546
1173,The product did not work as expected.,Negative,1,Computers & Accessories,5000.55,4270.98,274,3.4,729.57,7,14.589730547999483,-1.0
2251,The product quality is disappointing and needs improvement.,Negative,0,Toys & Games,3740.8,3563.44,5845,2.2,177.36,8,4.7411138418360395,-0.69
1879,"The product is usable, although the experience is ordinary.",Neutral,1,Mobile Accessories,1683.35,948.4,1288,3.9,734.95,9,43.65996317324368,-0.132
1974,Very satisfied with the purchase and product quality.,Positive,1,Sports & Fitness,9826.4,6418.91,9767,4.2,3407.49,8,34.67687543199074,0.889
488,The product quality is disappointing and needs improvement.,Negative,1,Beauty,4186.98,1642.2,3277,2.9,2544.78,8,60.778410446550495,-0.515
2470,"The product is reliable, useful and worth the price.",Positive,1,Clothing,828.5,730.71,1955,4.0,97.79,9,11.803040466532927,0.587
2410,It works reasonably well but has some limitations.,Neutral,1,Office Products,1491.89,974.23,875,4.0,517.66,8,34.69852864927305,-0.291
895,Excellent product and very useful for daily use.,Positive,1,Mobile Accessories,2898.78,1981.68,283,4.7,917.1,8,31.637425202607815,0.277
802,Not satisfied with the performance of this product.,Negative,0,Books,569.79,322.46,1294,2.9,247.33,8,43.407766125911365,-0.594
364,The product quality is disappointing and needs improvement.,Negative,1,Toys & Games,2652.06,1236.82,12645,3.3,1415.24,8,53.363848565055264,-0.581
1126,It works reasonably well but has some limitations.,Neutral,1,Books,1445.83,489.44,1343,3.4,956.39,8,66.14796511624237,0.353
1936,The quality is acceptable but could be improved.,Neutral,1,Mobile Accessories,4132.63,2189.54,440,3.6,1943.09,8,47.018237661568755,-0.338
552,I expected better performance for the price.,Negative,1,Home & Kitchen,3318.59,2769.14,5788,1.7,549.45,7,16.55686883843449,-0.475
2156,Very satisfied with the purchase and product quality.,Positive,0,Electronics,2885.17,1420.66,2532,4.0,1464.51,8,50.759911567436156,0.686
1713,The product quality is disappointing and needs improvement.,Negative,1,Office Products,1297.42,951.73,528,3.0,345.69,8,26.644228871224264,-0.874
2376,Excellent product and very useful for daily use.,Positive,0,Toys & Games,2238.77,1019.6,1545,4.3,1219.17,8,54.45697193716664,0.734
865,The quality is poor and the product has several issues.,Negative,1,Clothing,2867.6,1200.27,1386,2.4,1667.33,10,58.14372369098999,-1.0
166,Decent product for the price with average performance.,Neutral,1,Home & Kitchen,10857.61,7082.6,2237,2.9,3775.01,8,34.768337695138165,0.096
527,I liked the quality and would consider buying again.,Positive,0,Books,2065.69,1278.87,386,4.7,786.82,9,38.08974791114455,0.744
1262,Excellent product and very useful for daily use.,Positive,1,Sports & Fitness,3932.02,2338.54,212,4.8,1593.48,8,40.52561322752858,0.567
1011,Very satisfied with the purchase and product quality.,Positive,0,Home & Kitchen,5510.02,4376.34,863,4.0,1133.68,8,20.574934534748863,0.77
2488,I liked the quality and would consider buying again.,Positive,0,Books,1115.99,818.87,799,4.2,297.12,9,26.623631525055526,0.555
2110,Great value for money and good overall performance.,Positive,1,Mobile Accessories,4037.45,2102.43,397,4.0,1935.02,8,47.9268530795612,0.585
1881,"The product is usable, although the experience is ordinary.",Neutral,0,Mobile Accessories,3946.32,2868.1,1521,3.5,1078.22,9,27.32206835780506,0.161
285,Great value for money and good overall performance.,Positive,1,Books,2259.97,742.84,683,4.6,1517.13,8,67.13032850668999,0.893
1088,The product quality is disappointing and needs improvement.,Negative,0,Beauty,4638.45,1948.67,382,3.5,2689.78,8,57.98874347291215,-0.677
366,Very satisfied with the purchase and product quality.,Positive,1,Sports & Fitness,3618.16,2865.82,2524,4.2,752.34,8,20.7934894005585,0.701
1666,The product quality is disappointing and needs improvement.,Negative,0,Toys & Games,375.89,216.39,1009,3.2,159.5,8,42.433250860821374,-0.586
1496,Excellent product and very useful for daily use.,Positive,1,Clothing,4161.62,2870.08,282,4.5,1291.54,8,31.034555399348825,0.745
1540,The quality is acceptable but could be improved.,Neutral,1,Mobile Accessories,1747.81,774.71,125,3.4,973.1,8,55.67544124152964,0.103
431,The quality is poor and the product has several issues.,Negative,0,Home & Kitchen,5815.26,3764.86,241,2.9,2050.4,10,35.25893123336807,-0.648
1646,Average product with acceptable quality.,Neutral,1,Office Products,1786.5,791.97,341,3.0,994.53,5,55.66904661045469,0.01
970,"The product is usable, although the experience is ordinary.",Neutral,0,Computers & Accessories,845.43,665.34,11602,3.3,180.09,9,21.301473304815623,-0.241
1948,The quality is acceptable but could be improved.,Neutral,0,Beauty,4344.3,3108.04,399,3.0,1236.26,8,28.45707071432932,0.049
1534,I expected better performance for the price.,Negative,0,Office Products,263.83,177.22,927,3.0,86.61,7,32.827144957915834,-0.792
497,"The product is reliable, useful and worth the price.",Positive,0,Computers & Accessories,12449.21,11124.4,1935,4.8,1324.81,9,10.641720128135773,0.655
221,The product is okay and works as described.,Neutral,0,Computers & Accessories,13656.83,5725.87,843,3.0,7930.96,8,58.07318910283406,0.174
1870,Very satisfied with the purchase and product quality.,Positive,1,Clothing,3779.95,2259.59,11252,3.9,1520.36,8,40.221773238497434,0.559
1777,I expected better performance for the price.,Negative,0,Clothing,943.96,686.84,581,2.7,257.12,7,27.23872880036059,-0.819
710,The quality is acceptable but could be improved.,Neutral,1,Sports & Fitness,4708.26,3801.1,4776,4.0,907.16,8,19.267465703518496,-0.016
870,It works reasonably well but has some limitations.,Neutral,1,Sports & Fitness,7564.91,3211.74,1450,3.6,4353.17,8,57.544179405076235,0.084
2368,Decent product for the price with average performance.,Neutral,0,Office Products,125.79,59.37,700,3.6,66.42,8,52.80254155510053,-0.55
1309,The product is not very reliable and I would not recommend it.,Negative,0,Mobile Accessories,1777.7,1174.1,1116,2.6,603.6,12,33.95394378281385,-0.669
874,"The product is usable, although the experience is ordinary.",Neutral,0,Mobile Accessories,3002.03,2464.63,329,4.1,537.4,9,17.901185998326742,-0.178
2284,The product is okay and works as described.,Neutral,1,Mobile Accessories,2669.74,1953.44,394,3.7,716.3,8,26.83024684392003,0.054
540,Good quality and works exactly as expected.,Positive,1,Computers & Accessories,19906.25,12088.25,2716,4.1,7818.0,7,39.274109123363914,0.813
691,Good quality and works exactly as expected.,Positive,1,Clothing,3977.5,3198.95,194,4.3,778.55,7,19.573761351353127,0.426
1660,It works reasonably well but has some limitations.,Neutral,0,Toys & Games,1202.81,675.13,2862,3.5,527.68,8,43.8704589256331,-0.095
2425,It works reasonably well but has some limitations.,Neutral,1,Office Products,3767.31,2336.62,2184,3.9,1430.69,8,37.976301712699296,0.063
336,It works reasonably well but has some limitations.,Neutral,1,Mobile Accessories,1086.79,587.52,15334,4.1,499.27,8,45.940109482070945,-0.094
433,The product is okay and works as described.,Neutral,0,Computers & Accessories,15553.59,14675.88,809,2.7,877.71,8,5.643137386044074,-0.133
1687,Not satisfied with the performance of this product.,Negative,1,Home & Kitchen,6796.74,4532.04,9172,3.0,2264.7,8,33.32045578878372,-0.822
203,The quality is poor and the product has several issues.,Negative,1,Home & Kitchen,3318.23,2194.52,1999,2.8,1123.71,10,33.864716909591564,-0.602
1837,The product is not very reliable and I would not recommend it.,Negative,0,Sports & Fitness,311.84,196.81,536,3.1,115.03,12,36.886907006502405,-0.88
790,Excellent product and very useful for daily use.,Positive,0,Beauty,4990.01,2799.12,1161,4.2,2190.89,8,43.905493652075876,0.649
1255,I expected better performance for the price.,Negative,1,Mobile Accessories,3826.21,1613.13,2472,2.7,2213.08,7,57.839907882258515,-0.819
819,Good quality and works exactly as expected.,Positive,1,Mobile Accessories,4615.01,3222.85,293,4.5,1392.16,7,30.166014620667557,0.605
1703,It works reasonably well but has some limitations.,Neutral,1,Books,1170.87,359.86,13471,3.6,811.01,8,69.26596352914348,-0.128
958,The product quality is disappointing and needs improvement.,Negative,0,Office Products,1861.9,1243.77,1544,2.1,618.13,8,33.19910148823666,-0.649
1266,The product quality is disappointing and needs improvement.,Negative,1,Toys & Games,2451.79,1282.93,2948,3.0,1168.86,8,47.67375275872737,-0.571
1710,Decent product for the price with average performance.,Neutral,1,Electronics,5442.53,4645.55,395,3.3,796.98,8,14.643505195317491,-0.16
1800,I liked the quality and would consider buying again.,Positive,1,Sports & Fitness,3842.52,2576.74,443,4.3,1265.78,9,32.94131665285274,0.793
771,The product quality is disappointing and needs improvement.,Negative,1,Mobile Accessories,1563.34,858.95,2403,2.8,704.39,8,45.056929314635845,-0.629
2386,The quality is acceptable but could be improved.,Neutral,0,Electronics,21920.18,21920.18,499,4.1,0.0,8,0.0,-0.185
1904,It works reasonably well but has some limitations.,Neutral,1,Clothing,1732.0,1249.69,663,3.0,482.31,8,27.847044210302407,0.128
233,The quality is acceptable but could be improved.,Neutral,1,Computers & Accessories,19980.49,12662.9,1453,3.8,7317.59,8,36.62367969359166,0.208
663,The quality is poor and the product has several issues.,Negative,1,Office Products,2325.27,2325.27,5470,3.1,0.0,10,0.0,-0.717
1945,The quality is acceptable but could be improved.,Neutral,0,Books,870.04,599.31,2781,3.9,270.73,8,31.117278858993338,-0.032
2129,"The product is usable, although the experience is ordinary.",Neutral,1,Clothing,5784.3,3602.74,1245,3.4,2181.56,9,37.71512935315479,0.132
342,"The product is usable, although the experience is ordinary.",Neutral,0,Home & Kitchen,10612.99,6832.51,1161,3.6,3780.48,9,35.62121103291417,-0.146
909,Very satisfied with the purchase and product quality.,Positive,0,Sports & Fitness,349.38,162.78,8905,4.2,186.6,8,53.409668674023706,0.483
1157,The product did not work as expected.,Negative,0,Clothing,742.51,264.09,1912,3.1,478.42,7,64.43219634442787,-0.721
2445,The quality is poor and the product has several issues.,Negative,1,Beauty,3560.32,2015.74,3906,3.1,1544.58,10,43.38313017142402,-0.796
1498,"The product is reliable, useful and worth the price.",Positive,1,Beauty,996.37,687.3,1141,4.1,309.07,9,31.019187332589453,0.368
1368,"The product is usable, although the experience is ordinary.",Neutral,1,Toys & Games,2457.2,1802.12,270,3.8,655.08,9,26.659805273835957,0.024
1546,Not satisfied with the performance of this product.,Negative,1,Books,2219.63,1067.5,215,3.1,1152.13,8,51.90659245653127,-0.564
255,I liked the quality and would consider buying again.,Positive,1,Home & Kitchen,6897.71,3723.14,611,4.6,3174.57,9,46.02352458860088,0.965
1071,The product did not work as expected.,Negative,0,Sports & Fitness,3093.12,2098.32,698,2.2,994.8,7,32.1618036880501,-0.876
2028,Very satisfied with the purchase and product quality.,Positive,0,Computers & Accessories,9357.76,5365.15,1801,4.2,3992.61,8,42.66628351980743,0.957
1967,The product is okay and works as described.,Neutral,1,Electronics,16000.95,14297.06,922,3.8,1703.89,8,10.64865352423843,-0.289
1308,The quality is poor and the product has several issues.,Negative,1,Home & Kitchen,5171.56,3171.16,1815,2.8,2000.4,10,38.680778317992804,-0.65
2268,The product did not work as expected.,Negative,1,Computers & Accessories,11983.67,9106.02,607,3.1,2877.65,7,24.013120330818293,-0.827
83,The product quality is disappointing and needs improvement.,Negative,1,Beauty,3878.76,2971.47,1564,3.5,907.29,8,23.39134176455436,-0.564
1089,Average product with acceptable quality.,Neutral,0,Books,2072.67,315.59,6475,3.8,1757.08,5,84.7737937011444,0.053
678,The product did not work as expected.,Negative,0,Toys & Games,3983.05,2805.58,1992,2.8,1177.47,7,29.562119074575214,-0.891
2072,The product did not work as expected.,Negative,1,Office Products,278.66,177.42,1038,2.8,101.24,7,36.33007312928675,-0.466
676,Average product with acceptable quality.,Neutral,0,Books,1561.64,978.35,159,3.4,583.29,5,37.35117942298481,-0.186
2232,I expected better performance for the price.,Negative,1,Clothing,5223.36,3848.48,1578,3.7,1374.88,7,26.32172362777053,-0.71
1768,Decent product for the price with average performance.,Neutral,1,Mobile Accessories,1519.36,1120.29,310,3.8,399.07,8,26.26559633308233,0.196
2234,The product is not very reliable and I would not recommend it.,Negative,0,Toys & Games,4621.5,2879.44,2655,2.2,1742.06,12,37.69471686201793,-0.652
1905,Great value for money and good overall performance.,Positive,1,Office Products,3327.79,1889.07,1008,4.2,1438.72,8,43.23354604753234,0.788
632,Excellent product and very useful for daily use.,Positive,0,Office Products,2542.96,1690.5,113,4.2,852.46,8,33.52242372794975,0.768
1993,Not satisfied with the performance of this product.,Negative,0,Mobile Accessories,2338.98,1614.51,2760,2.8,724.47,8,30.97396155309486,-0.463
1492,The quality is acceptable but could be improved.,Neutral,1,Office Products,3663.66,3479.92,1872,3.0,183.74,8,5.015282694078987,-0.347
1118,The product is not very reliable and I would not recommend it.,Negative,0,Office Products,667.24,403.96,1158,2.8,263.28,12,39.458383964496754,-0.589
1140,The quality is acceptable but could be improved.,Neutral,0,Sports & Fitness,1106.1,183.13,2634,3.4,922.97,8,83.4434692061002,0.16
1158,I liked the quality and would consider buying again.,Positive,1,Clothing,2685.07,1572.07,1502,4.8,1113.0,9,41.45135956275189,0.571
665,The product quality is disappointing and needs improvement.,Negative,1,Beauty,2249.44,1816.7,289,2.6,432.74,8,19.237724560093973,-0.863
2404,The product did not work as expected.,Negative,0,Office Products,242.18,117.91,2088,2.7,124.27,7,51.31357933334289,-0.728
1556,"The product is reliable, useful and worth the price.",Positive,0,Toys & Games,2731.51,2302.18,1317,3.8,429.33,9,15.717757894461975,0.549
2173,Very satisfied with the purchase and product quality.,Positive,0,Computers & Accessories,13923.01,9148.36,3381,4.3,4774.65,8,34.293207648518866,0.735
379,The quality is acceptable but could be improved.,Neutral,1,Clothing,4888.62,3049.84,692,3.8,1838.78,8,37.61350097013981,0.176
769,Great value for money and good overall performance.,Positive,1,Beauty,323.77,159.03,287,4.1,164.74,8,50.88266237085476,0.774
239,The product did not work as expected.,Negative,0,Sports & Fitness,9863.11,7385.57,1846,2.9,2477.54,7,25.11923883034668,-0.919
122,"The product is reliable, useful and worth the price.",Positive,1,Electronics,5636.54,4807.35,3529,4.7,829.19,9,14.71090031174359,0.82
1509,The quality is poor and the product has several issues.,Negative,0,Clothing,5809.29,1083.47,756,3.3,4725.82,10,81.34939399936059,-0.617
1775,The quality is acceptable but could be improved.,Neutral,1,Sports & Fitness,9358.08,5790.02,1258,3.4,3568.06,8,38.12813627227285,0.452
1063,"The product is reliable, useful and worth the price.",Positive,1,Electronics,5573.18,2765.78,1877,4.5,2807.4,9,50.37333617490815,0.846
1495,"The product is reliable, useful and worth the price.",Positive,1,Office Products,3617.33,2995.84,1687,4.4,621.49,9,17.180930837178323,0.853
1954,"The product is reliable, useful and worth the price.",Positive,0,Electronics,8960.84,4584.54,348,4.4,4376.3,9,48.83810343873709,0.497
704,Very satisfied with the purchase and product quality.,Positive,1,Clothing,1581.64,1357.77,162,4.2,223.87,8,14.153985265114912,0.633
466,The product did not work as expected.,Negative,1,Clothing,5420.84,4032.31,401,3.0,1388.53,7,25.614633089484506,-0.794
2285,Decent product for the price with average performance.,Neutral,0,Computers & Accessories,11636.48,7690.21,6061,3.2,3946.27,8,33.912917770595314,-0.08
2484,The product did not work as expected.,Negative,0,Home & Kitchen,4614.38,2852.66,483,2.9,1761.72,7,38.17887004107583,-0.576
2294,I liked the quality and would consider buying again.,Positive,1,Electronics,5603.87,5062.68,306,4.4,541.19,9,9.657458919975412,0.804
2468,"The product is reliable, useful and worth the price.",Positive,1,Office Products,807.74,568.97,9466,4.4,238.77,9,29.56029680836057,0.633
1399,The product is not very reliable and I would not recommend it.,Negative,1,Toys & Games,1512.21,1071.42,2237,2.2,440.79,12,29.148806336643258,-0.757
920,The product did not work as expected.,Negative,1,Electronics,24063.08,16839.94,394,2.2,7223.14,7,30.01752081248366,-0.673
2446,The quality is poor and the product has several issues.,Negative,0,Mobile Accessories,167.59,130.11,719,2.5,37.48,10,22.363491796677447,-0.784
845,"The product is usable, although the experience is ordinary.",Neutral,0,Toys & Games,4868.38,2048.11,1576,3.5,2820.27,9,57.930390360830685,-0.015
1476,Great value for money and good overall performance.,Positive,1,Mobile Accessories,4707.94,3403.86,654,4.0,1304.08,8,27.69963522680709,0.487
1508,Great value for money and good overall performance.,Positive,1,Electronics,6655.38,3429.64,938,5.0,3225.74,8,48.46810697288452,0.892
1874,Good quality and works exactly as expected.,Positive,1,Electronics,21311.98,5562.73,6540,3.7,15749.25,7,73.89859636106235,0.618
507,Very satisfied with the purchase and product quality.,Positive,0,Beauty,3397.76,1164.05,177,4.8,2233.71,8,65.7407451571418,0.542
218,The product quality is disappointing and needs improvement.,Negative,0,Computers & Accessories,14830.94,8640.39,3762,2.0,6190.55,8,41.74078889377251,-0.619
390,Good quality and works exactly as expected.,Positive,1,Sports & Fitness,1405.97,1364.33,231,4.5,41.64,7,2.9617178623451963,0.904
1735,Very satisfied with the purchase and product quality.,Positive,1,Sports & Fitness,1658.89,1658.89,2566,4.4,0.0,8,0.0,0.546
763,Good quality and works exactly as expected.,Positive,1,Beauty,4690.37,4690.37,8868,4.4,0.0,7,0.0,0.535
1407,The quality is acceptable but could be improved.,Neutral,0,Computers & Accessories,6485.03,5022.84,1754,3.1,1462.19,8,22.547098668700137,-0.155
330,"The product is usable, although the experience is ordinary.",Neutral,1,Beauty,295.29,190.76,2136,3.6,104.53,9,35.39767555987462,0.254
2076,The product is not very reliable and I would not recommend it.,Negative,0,Electronics,7587.58,4962.09,1344,3.6,2625.49,12,34.60248362391129,-0.74
1278,The quality is acceptable but could be improved.,Neutral,0,Beauty,3397.36,2798.04,648,3.4,599.32,8,17.640855422749144,-0.089
23,"The product is usable, although the experience is ordinary.",Neutral,1,Beauty,3340.4,2320.77,2585,3.2,1019.63,9,30.52419469307048,-0.003
2456,The product did not work as expected.,Negative,0,Beauty,1802.13,1079.83,2103,3.0,722.3,7,40.0804659875792,-0.63
35,I liked the quality and would consider buying again.,Positive,0,Books,1708.97,784.08,537,4.7,924.89,9,54.119860440610076,1.0
822,The product quality is disappointing and needs improvement.,Negative,0,Sports & Fitness,1827.98,1514.65,855,2.7,313.33,8,17.140921501070252,-0.661
1862,Not satisfied with the performance of this product.,Negative,1,Mobile Accessories,2254.59,1679.61,1125,2.5,574.98,8,25.50243222760807,-0.741
1439,The product quality is disappointing and needs improvement.,Negative,0,Books,384.0,375.59,5112,3.1,8.41,8,2.190842352905662,-0.674
1700,The product quality is disappointing and needs improvement.,Negative,1,Toys & Games,1708.34,797.06,444,3.3,911.28,8,53.34285142979861,-1.0
288,I expected better performance for the price.,Negative,0,Computers & Accessories,2979.13,1143.46,2873,1.8,1835.67,7,61.617670978495774,-0.588
2453,The quality is poor and the product has several issues.,Negative,1,Office Products,1481.76,755.59,1834,2.0,726.17,10,49.00731290285121,-0.742
533,The product did not work as expected.,Negative,1,Clothing,3049.58,580.15,769,3.6,2469.43,7,80.97615072751552,-0.568
2355,"The product is usable, although the experience is ordinary.",Neutral,0,Sports & Fitness,8790.63,6564.05,7225,3.5,2226.58,9,25.329067604852764,0.057
1820,Not satisfied with the performance of this product.,Negative,1,Clothing,436.29,268.87,1063,3.4,167.42,8,38.372905650068745,-0.826
1162,The quality is poor and the product has several issues.,Negative,0,Home & Kitchen,2629.79,2585.89,8817,2.4,43.9,10,1.669189544160055,-0.369
1989,Good quality and works exactly as expected.,Positive,0,Electronics,13011.41,5681.64,1877,4.0,7329.77,7,56.33343063249519,0.548
2041,Decent product for the price with average performance.,Neutral,0,Toys & Games,1178.88,866.69,659,3.7,312.19,8,26.481583926853776,-0.275
1657,It works reasonably well but has some limitations.,Neutral,0,Sports & Fitness,7966.07,5811.8,169,3.0,2154.27,8,27.043132585970163,0.065
1031,Not satisfied with the performance of this product.,Negative,0,Electronics,22215.21,6921.16,1161,2.8,15294.05,8,68.8449682573522,-0.807
7,Decent product for the price with average performance.,Neutral,1,Computers & Accessories,10506.0,7462.43,199,3.9,3043.57,8,28.969806285205713,-0.217
582,"The product is reliable, useful and worth the price.",Positive,1,Office Products,3962.75,2794.83,2470,4.7,1167.92,9,29.472370616817024,0.962
1105,The product did not work as expected.,Negative,0,Sports & Fitness,4343.9,2769.41,10762,2.8,1574.49,7,36.24605515348436,-0.981
905,The quality is poor and the product has several issues.,Negative,0,Toys & Games,5917.64,2366.88,3456,1.7,3550.76,10,60.00300093344707,-0.65
1212,The quality is poor and the product has several issues.,Negative,0,Clothing,3321.09,1874.68,1563,2.7,1446.41,10,43.5522923359147,-0.936
2081,The quality is poor and the product has several issues.,Negative,1,Home & Kitchen,8673.36,5741.27,509,3.0,2932.09,10,33.805661876813694,-0.818
1440,I expected better performance for the price.,Negative,0,Computers & Accessories,7519.0,2719.91,2658,2.4,4799.09,7,63.826124711742594,-0.187
1685,Great value for money and good overall performance.,Positive,0,Office Products,3292.48,2423.72,2439,4.3,868.76,8,26.386172699135408,0.801
1559,The product is not very reliable and I would not recommend it.,Negative,0,Clothing,1251.8,1122.69,930,2.4,129.11,12,10.31433753637047,-0.667
182,The product is okay and works as described.,Neutral,1,Computers & Accessories,12460.72,8847.42,3457,3.2,3613.3,8,28.997543235637234,-0.212
215,"The product is reliable, useful and worth the price.",Positive,0,Mobile Accessories,156.05,139.13,1698,3.8,16.92,9,10.840446230515997,0.85
2191,The product quality is disappointing and needs improvement.,Negative,0,Home & Kitchen,3019.1,2246.11,2111,2.3,772.99,8,25.603239061096442,-0.575
1147,Great value for money and good overall performance.,Positive,0,Computers & Accessories,5691.86,2750.5,1942,4.4,2941.36,8,51.6765574074706,0.78
359,Average product with acceptable quality.,Neutral,1,Sports & Fitness,2650.58,2222.06,1256,4.1,428.52,5,16.16684322314474,0.006
417,The product did not work as expected.,Negative,0,Electronics,18119.79,11467.01,253,2.8,6652.78,7,36.7155360577244,-0.609
873,Good quality and works exactly as expected.,Positive,1,Electronics,4606.98,4591.24,1226,4.7,15.74,7,0.34174170331617404,0.551
2452,The product did not work as expected.,Negative,0,Home & Kitchen,5754.15,3237.86,4025,3.1,2516.29,7,43.73007590882613,-0.655
1603,I expected better performance for the price.,Negative,0,Toys & Games,1516.93,1327.24,419,3.4,189.69,7,12.504789099133827,-0.724
597,"The product is usable, although the experience is ordinary.",Neutral,1,Toys & Games,4714.67,2875.86,2150,4.0,1838.81,9,39.001786587382384,-0.133
2260,Not satisfied with the performance of this product.,Negative,0,Home & Kitchen,3072.39,2261.32,624,3.0,811.07,8,26.398737465762906,-0.685
1356,Excellent product and very useful for daily use.,Positive,0,Computers & Accessories,11643.92,7696.09,1267,4.5,3947.83,8,33.90464927610965,0.824
2331,I expected better performance for the price.,Negative,1,Sports & Fitness,4858.26,2172.34,6006,2.4,2685.92,7,55.285682779896405,-0.702
61,Excellent product and very useful for daily use.,Positive,1,Office Products,1489.34,1080.95,1073,3.9,408.39,8,27.420586902709747,0.874
789,Not satisfied with the performance of this product.,Negative,1,Mobile Accessories,4039.83,1703.9,4386,3.2,2335.93,8,57.822539272197886,-0.777
890,It works reasonably well but has some limitations.,Neutral,1,Sports & Fitness,2017.99,1669.98,1779,4.3,348.01,8,17.24552029947685,-0.047
1119,I liked the quality and would consider buying again.,Positive,1,Sports & Fitness,9114.86,4960.36,3788,3.8,4154.5,9,45.57942405043238,0.619
1455,"The product is usable, although the experience is ordinary.",Neutral,1,Computers & Accessories,1770.99,1129.38,1787,3.3,641.61,9,36.22867123088869,-0.222
289,The product is not very reliable and I would not recommend it.,Negative,1,Mobile Accessories,199.38,133.11,967,2.5,66.27,12,33.238079837013416,-0.784
2403,The product is okay and works as described.,Neutral,1,Clothing,2655.03,1768.13,2491,3.6,886.9,8,33.40444679204276,-0.114
9,I liked the quality and would consider buying again.,Positive,1,Mobile Accessories,534.92,336.07,782,4.6,198.85,9,37.173452535748496,1.0
1750,I liked the quality and would consider buying again.,Positive,0,Books,1693.65,787.64,362,4.1,906.01,9,53.49422852462557,0.864
1826,Good quality and works exactly as expected.,Positive,0,Mobile Accessories,1690.76,1140.09,167,4.1,550.67,7,32.56937871748836,0.723
714,Decent product for the price with average performance.,Neutral,0,Office Products,1052.83,379.44,421,3.6,673.39,8,63.96030233520109,0.283
965,The product did not work as expected.,Negative,0,Sports & Fitness,2423.51,1730.12,1814,2.7,693.39,7,28.610838981416094,-0.759
2158,The product is not very reliable and I would not recommend it.,Negative,1,Beauty,587.9,451.05,398,3.1,136.85,12,23.278168712737624,-0.679
2131,Average product with acceptable quality.,Neutral,0,Beauty,2985.53,2909.02,3955,4.2,76.51,5,2.56280214479154,-0.235
2296,Not satisfied with the performance of this product.,Negative,0,Home & Kitchen,8109.29,6510.08,206,3.4,1599.21,8,19.72065964454105,-0.565
937,Great value for money and good overall performance.,Positive,1,Electronics,12766.9,8213.64,6079,4.5,4553.26,8,35.6646064777207,0.58
456,The product is not very reliable and I would not recommend it.,Negative,0,Computers & Accessories,8087.18,5235.66,467,2.7,2851.52,12,35.259800926942944,-0.94
539,I expected better performance for the price.,Negative,0,Office Products,3851.23,2485.3,2039,2.5,1365.93,7,35.467460008441,-0.584
875,Decent product for the price with average performance.,Neutral,0,Mobile Accessories,2262.41,1218.64,11795,3.0,1043.77,8,46.13522827988139,-0.154
269,Good quality and works exactly as expected.,Positive,1,Home & Kitchen,1677.73,423.11,1059,4.4,1254.62,7,74.7806876522398,0.794
1315,"The product is usable, although the experience is ordinary.",Neutral,1,Toys & Games,3742.9,2866.41,442,3.2,876.49,9,23.41738069984794,-0.087
766,The product is okay and works as described.,Neutral,1,Beauty,2511.11,1072.74,5670,3.1,1438.37,8,57.28007519654381,-0.285
546,Very satisfied with the purchase and product quality.,Positive,0,Office Products,2454.63,2040.39,84,4.3,414.24,8,16.87588320370341,0.576
1552,The product quality is disappointing and needs improvement.,Negative,0,Sports & Fitness,6957.6,3818.28,1059,2.9,3139.32,8,45.120745912402555,-0.696
1259,Good quality and works exactly as expected.,Positive,1,Computers & Accessories,2487.17,1746.65,1184,4.1,740.52,7,29.7737360180576,0.649
414,"The product is reliable, useful and worth the price.",Positive,0,Office Products,1307.74,943.4,1308,5.0,364.34,9,27.860362067484132,0.497
2204,I liked the quality and would consider buying again.,Positive,0,Books,845.55,495.86,3443,3.7,349.69,9,41.3569949783851,0.714
2272,The product is not very reliable and I would not recommend it.,Negative,1,Electronics,13780.48,10091.17,588,3.5,3689.31,12,26.771992040821324,-0.654
401,The quality is acceptable but could be improved.,Neutral,1,Mobile Accessories,3456.44,2927.95,2204,3.6,528.49,8,15.289974414116028,0.124
1547,Excellent product and very useful for daily use.,Positive,1,Sports & Fitness,9246.57,7933.46,630,4.3,1313.11,8,14.201051788346579,0.793
94,"The product is usable, although the experience is ordinary.",Neutral,0,Books,1121.0,808.0,1525,4.0,313.0,9,27.92184713169041,0.022
1525,Excellent product and very useful for daily use.,Positive,1,Beauty,3842.37,2133.97,3178,4.1,1708.4,8,44.46208690574858,0.893
1008,Very satisfied with the purchase and product quality.,Positive,1,Mobile Accessories,1739.36,701.56,415,4.3,1037.8,8,59.66544153746757,0.572
2024,The product did not work as expected.,Negative,0,Computers & Accessories,10514.17,9286.33,3331,3.0,1227.84,7,11.677943825824535,-0.89
127,Average product with acceptable quality.,Neutral,0,Computers & Accessories,3758.66,2577.99,306,3.9,1180.67,5,31.412103472506992,-0.241
1141,"The product is reliable, useful and worth the price.",Positive,0,Sports & Fitness,1780.94,1345.08,270,4.1,435.86,9,24.473666562845267,0.85
921,Great value for money and good overall performance.,Positive,1,Home & Kitchen,2209.74,1629.67,5811,3.6,580.07,8,26.250520190746933,0.81
2373,The product is not very reliable and I would not recommend it.,Negative,0,Home & Kitchen,8267.63,7463.41,366,2.6,804.22,12,9.727370850329088,-0.892
444,"The product is usable, although the experience is ordinary.",Neutral,0,Toys & Games,4936.96,3058.38,3291,3.1,1878.58,9,38.051276095008646,0.023
1055,"The product is usable, although the experience is ordinary.",Neutral,1,Clothing,3594.5,1984.33,1736,3.5,1610.17,9,44.79532225031892,0.109
226,I expected better performance for the price.,Negative,1,Mobile Accessories,1677.01,906.18,1862,2.6,770.83,7,45.96440590956354,-0.769
1650,Excellent product and very useful for daily use.,Positive,0,Home & Kitchen,10463.42,8632.95,9901,4.3,1830.47,8,17.494035084327948,0.816
1648,Average product with acceptable quality.,Neutral,1,Beauty,1298.49,760.7,158,2.2,537.79,5,41.4167978479247,0.036
435,The quality is poor and the product has several issues.,Negative,0,Mobile Accessories,541.37,402.39,192,2.1,138.98,10,25.67153713204246,-0.704
509,The product quality is disappointing and needs improvement.,Negative,0,Beauty,502.9,338.27,939,2.5,164.63,8,32.73658486513653,-0.392
33,Good quality and works exactly as expected.,Positive,0,Home & Kitchen,9860.06,6304.88,6708,4.7,3555.18,7,36.05637389209838,0.713
2087,Great value for money and good overall performance.,Positive,0,Books,2015.46,1927.44,2849,3.9,88.02,8,4.367269364911852,0.818
2073,Average product with acceptable quality.,Neutral,0,Sports & Fitness,862.36,515.22,48445,2.7,347.14,5,40.25467648639798,-0.186
2078,Very satisfied with the purchase and product quality.,Positive,1,Beauty,4125.07,2352.24,332,4.2,1772.83,8,42.976958107869265,0.742
200,The quality is poor and the product has several issues.,Negative,1,Home & Kitchen,6926.84,3499.05,130,2.9,3427.79,10,49.48555722044313,-0.511
1230,Not satisfied with the performance of this product.,Negative,0,Sports & Fitness,1197.63,546.58,838,2.2,651.05,8,54.361923288638636,-0.637
181,I expected better performance for the price.,Negative,1,Mobile Accessories,4462.73,3404.79,686,2.9,1057.94,7,23.706141648539088,-0.52
1283,The product did not work as expected.,Negative,1,Office Products,481.52,234.14,2094,3.1,247.38,7,51.37400945971112,-0.638
2047,I expected better performance for the price.,Negative,0,Mobile Accessories,328.07,294.15,1638,2.8,33.92,7,10.338986999395026,-0.411
265,"The product is reliable, useful and worth the price.",Positive,1,Beauty,2425.25,1952.56,839,4.5,472.69,9,19.490306748870193,0.466
2164,Good quality and works exactly as expected.,Positive,1,Computers & Accessories,12934.67,8998.83,1190,4.2,3935.84,7,30.42862210462134,0.462
720,Very satisfied with the purchase and product quality.,Positive,1,Office Products,1683.97,1094.14,178,4.6,589.83,8,35.02629483818353,0.789
296,"The product is reliable, useful and worth the price.",Positive,1,Beauty,4685.79,2280.73,9323,4.6,2405.06,9,51.32676071970532,0.523
795,Good quality and works exactly as expected.,Positive,1,Toys & Games,4859.01,1888.6,8715,3.9,2970.41,7,61.1320551014145,0.597
2230,"The product is reliable, useful and worth the price.",Positive,1,Toys & Games,2307.62,1103.43,19758,4.5,1204.19,9,52.183076453151614,0.428
661,Good quality and works exactly as expected.,Positive,1,Beauty,2448.66,616.3,130,4.1,1832.36,7,74.83124104130049,0.879
1915,The product is okay and works as described.,Neutral,0,Mobile Accessories,283.62,196.68,630,3.2,86.94,8,30.652084576772193,-0.012
1608,I expected better performance for the price.,Negative,0,Mobile Accessories,2383.54,1494.75,2778,3.1,888.79,7,37.28855783250988,-0.624
496,The product is okay and works as described.,Neutral,0,Beauty,495.75,215.08,6281,3.9,280.67,8,56.61528317133706,0.077
106,Decent product for the price with average performance.,Neutral,0,Sports & Fitness,4564.17,3001.75,663,3.1,1562.42,8,34.2322465427688,0.118
1651,I expected better performance for the price.,Negative,0,Computers & Accessories,3001.04,864.42,1599,2.2,2136.62,7,71.19612652431704,-0.611
746,The quality is poor and the product has several issues.,Negative,0,Sports & Fitness,9961.83,3178.7,242,2.8,6783.13,10,68.09121130269509,-0.876
923,The quality is acceptable but could be improved.,Neutral,1,Toys & Games,5298.28,3023.82,522,3.9,2274.46,8,42.92821934571472,0.127
1521,The product is not very reliable and I would not recommend it.,Negative,1,Books,359.93,238.07,418,2.8,121.86,12,33.85660434411946,-0.676
2385,Very satisfied with the purchase and product quality.,Positive,1,Home & Kitchen,861.41,794.43,645,3.9,66.98,8,7.775368902888786,0.698
1327,Very satisfied with the purchase and product quality.,Positive,0,Clothing,3330.72,1656.08,7208,4.1,1674.64,8,50.27862012867408,0.639
670,I expected better performance for the price.,Negative,0,Electronics,24622.06,21968.86,797,2.3,2653.2,7,10.77571845383228,-0.75
916,The product did not work as expected.,Negative,0,Toys & Games,4157.86,3299.1,58,3.5,858.76,7,20.653797547347942,-0.906
1426,"The product is reliable, useful and worth the price.",Positive,1,Beauty,700.75,613.14,721,3.9,87.61,9,12.501808823834178,0.75
232,Good quality and works exactly as expected.,Positive,1,Clothing,5544.47,4029.17,4237,4.4,1515.3,7,27.32984937740789,0.459
1475,It works reasonably well but has some limitations.,Neutral,1,Home & Kitchen,10831.89,7125.58,989,3.9,3706.31,8,34.21661196061123,0.018
1222,Excellent product and very useful for daily use.,Positive,1,Computers & Accessories,11430.54,4716.48,1426,5.0,6714.06,8,58.73787633001795,0.66
1990,Average product with acceptable quality.,Neutral,1,Mobile Accessories,3745.36,2948.78,8582,3.3,796.58,5,21.268404547519307,0.023
1101,Average product with acceptable quality.,Neutral,1,Beauty,3938.75,2923.79,7802,3.5,1014.96,5,25.768637865600326,-0.097
2220,The product is not very reliable and I would not recommend it.,Negative,1,Sports & Fitness,3683.93,2912.51,254,3.3,771.42,12,20.940087205450084,-0.412
1322,Great value for money and good overall performance.,Positive,0,Home & Kitchen,7460.68,6285.88,173,4.6,1174.8,8,15.746498591773573,0.785
1889,The product quality is disappointing and needs improvement.,Negative,0,Books,188.22,174.38,560,3.4,13.84,8,7.355574713822374,-0.749
1923,Great value for money and good overall performance.,Positive,1,Computers & Accessories,18947.37,10846.21,494,4.3,8101.16,8,42.75610856518638,0.519
2174,I expected better performance for the price.,Negative,0,Sports & Fitness,2503.57,1791.6,2500,2.9,711.97,7,28.43836539679644,-0.696
688,The product is okay and works as described.,Neutral,0,Sports & Fitness,2259.0,1224.74,3750,3.4,1034.26,8,45.784103203123095,0.206
2347,The quality is poor and the product has several issues.,Negative,0,Sports & Fitness,1595.26,1595.26,515,2.3,0.0,10,0.0,-0.826
608,Very satisfied with the purchase and product quality.,Positive,0,Office Products,845.32,421.76,2944,4.3,423.56,8,50.10627119765611,0.787
1785,Decent product for the price with average performance.,Neutral,0,Clothing,2801.41,2303.78,1003,3.5,497.63,8,17.763471421320425,0.189
809,The product is okay and works as described.,Neutral,1,Clothing,3724.84,3223.98,708,3.1,500.86,8,13.446520046899618,-0.074
541,Great value for money and good overall performance.,Positive,0,Beauty,1427.2,1063.19,3470,3.8,364.01,8,25.505215255804934,0.599
2044,Very satisfied with the purchase and product quality.,Positive,0,Toys & Games,3009.69,574.12,1052,4.0,2435.57,8,80.924278937233,0.593
1302,I liked the quality and would consider buying again.,Positive,1,Books,2149.99,915.35,1216,4.1,1234.64,9,57.42526219001485,0.737
90,I expected better performance for the price.,Negative,1,Clothing,3018.47,2983.17,662,2.2,35.3,7,1.1694456096127865,-0.607
114,"The product is reliable, useful and worth the price.",Positive,0,Computers & Accessories,15947.29,15947.29,635,4.3,0.0,9,0.0,0.562
2461,"The product is usable, although the experience is ordinary.",Neutral,1,Toys & Games,540.2,390.8,2594,3.6,149.4,9,27.656859979110784,0.165
1236,Not satisfied with the performance of this product.,Negative,1,Sports & Fitness,3062.64,1138.37,1184,2.9,1924.27,8,62.830508320609084,-0.708
2138,Excellent product and very useful for daily use.,Positive,1,Beauty,3889.63,2626.03,306,4.9,1263.6,8,32.48633894307698,0.6
192,I expected better performance for the price.,Negative,1,Home & Kitchen,11029.15,6861.09,2123,3.3,4168.06,7,37.79129748240192,-0.638
2216,The product is okay and works as described.,Neutral,1,Clothing,3249.44,1484.49,598,3.8,1764.95,8,54.315455764730984,0.003
2474,I liked the quality and would consider buying again.,Positive,1,Computers & Accessories,11554.56,9707.51,883,4.7,1847.05,9,15.985499136320925,0.573
1499,Decent product for the price with average performance.,Neutral,0,Beauty,1318.14,841.71,6107,3.6,476.43,8,36.144480495099536,0.105
2411,The product quality is disappointing and needs improvement.,Negative,1,Books,897.99,897.99,302,2.3,0.0,8,0.0,-0.763
249,It works reasonably well but has some limitations.,Neutral,0,Beauty,1239.83,825.73,4368,3.5,414.1,8,33.39948918664619,0.066
1761,Not satisfied with the performance of this product.,Negative,1,Home & Kitchen,11186.8,6963.56,1577,3.5,4223.24,8,37.751975688006716,-0.858
71,Average product with acceptable quality.,Neutral,1,Sports & Fitness,8495.55,5366.94,414,3.3,3128.61,5,36.826404064143524,-0.139
159,The product did not work as expected.,Negative,1,Office Products,2302.67,1748.76,393,2.1,553.91,7,24.054916549186686,-0.574
1558,Very satisfied with the purchase and product quality.,Positive,0,Mobile Accessories,4813.79,3685.94,124,4.1,1127.85,8,23.429498190606527,0.763
2160,Average product with acceptable quality.,Neutral,1,Books,1391.33,912.55,1730,3.8,478.78,5,34.411735190025055,-0.401
1756,Decent product for the price with average performance.,Neutral,1,Electronics,24659.92,12140.8,2625,3.7,12519.12,8,50.76706922462725,0.021
881,It works reasonably well but has some limitations.,Neutral,1,Toys & Games,1963.38,1320.09,324,4.3,643.29,8,32.76449296314046,0.381
1872,Great value for money and good overall performance.,Positive,1,Beauty,1528.02,1442.6,557,4.5,85.42,8,5.590016527053944,0.75
1272,I expected better performance for the price.,Negative,0,Electronics,835.74,457.63,2189,2.6,378.11,7,45.24249287793569,-0.809
1244,The quality is acceptable but could be improved.,Neutral,1,Electronics,12253.46,6271.81,8625,3.6,5981.65,8,48.81597028830045,-0.086
1258,Average product with acceptable quality.,Neutral,0,Toys & Games,4184.11,1777.98,2072,2.8,2406.13,5,57.50638198843971,-0.128
1760,"The product is usable, although the experience is ordinary.",Neutral,0,Electronics,16914.62,13528.82,33520,3.8,3385.8,9,20.0169757975992,0.205
772,The quality is poor and the product has several issues.,Negative,1,Computers & Accessories,6442.47,3958.16,1159,2.8,2484.31,10,38.56146737316745,-0.829
1313,"The product is reliable, useful and worth the price.",Positive,1,Beauty,3482.27,3045.08,701,4.1,437.19,9,12.55473947474782,0.669
673,The product did not work as expected.,Negative,0,Sports & Fitness,9031.21,6086.68,313,2.4,2944.53,7,32.603984633269704,-0.605
367,The product is not very reliable and I would not recommend it.,Negative,0,Books,300.4,211.69,986,3.0,88.71,12,29.53183277850367,-0.55
860,Not satisfied with the performance of this product.,Negative,0,Mobile Accessories,320.26,265.4,566,2.7,54.86,8,17.129252897339217,-0.586
515,Good quality and works exactly as expected.,Positive,1,Toys & Games,3543.66,2069.13,1185,4.5,1474.53,7,41.61045512746917,0.758
1551,"The product is usable, although the experience is ordinary.",Neutral,1,Home & Kitchen,11601.25,6853.25,1786,3.5,4748.0,9,40.92663476504897,0.288
1249,Decent product for the price with average performance.,Neutral,1,Beauty,3049.17,2618.33,1542,3.4,430.84,8,14.129899600801686,-0.103
1518,Not satisfied with the performance of this product.,Negative,0,Computers & Accessories,11206.68,5056.12,286,3.2,6150.56,8,54.88297500277557,-0.611
2019,Average product with acceptable quality.,Neutral,1,Toys & Games,4884.92,3597.39,2954,3.5,1287.53,5,26.357239501965022,-0.066
1795,The product is not very reliable and I would not recommend it.,Negative,0,Books,1428.03,922.37,3223,2.9,505.66,12,35.40952735813797,-0.669
852,The product quality is disappointing and needs improvement.,Negative,1,Home & Kitchen,4306.99,2960.73,269,2.6,1346.26,8,31.25766869649017,-0.69
2253,I expected better performance for the price.,Negative,1,Electronics,9065.06,4380.23,92,2.8,4684.83,7,51.680078789413486,-0.67
1663,It works reasonably well but has some limitations.,Neutral,1,Beauty,909.37,509.95,168,3.6,399.42,8,43.922236953601036,-0.085
1129,The quality is poor and the product has several issues.,Negative,0,Sports & Fitness,4955.42,2168.84,623,2.2,2786.58,10,56.232970198260276,-1.0
2390,I liked the quality and would consider buying again.,Positive,1,Beauty,4896.22,2821.35,729,4.8,2074.87,9,42.37692278357779,0.577
846,I liked the quality and would consider buying again.,Positive,1,Books,847.1,576.32,98,3.8,270.78,9,31.96547093715778,0.758
2011,I liked the quality and would consider buying again.,Positive,0,Computers & Accessories,6644.39,6644.39,853,4.2,0.0,9,0.0,0.856
1428,Decent product for the price with average performance.,Neutral,0,Mobile Accessories,372.05,271.08,232,4.0,100.97,8,27.13778811849482,0.334
550,Not satisfied with the performance of this product.,Negative,0,Beauty,790.39,541.1,347,3.3,249.29,8,31.539949319947517,-0.964
1106,I expected better performance for the price.,Negative,0,Computers & Accessories,12366.64,4896.65,219,2.1,7469.99,7,60.404360078282735,-0.685
362,"The product is usable, although the experience is ordinary.",Neutral,0,Electronics,14653.8,8437.74,454,3.7,6216.06,9,42.41945850805574,0.027
893,Excellent product and very useful for daily use.,Positive,1,Mobile Accessories,255.67,244.19,661,4.5,11.48,8,4.488294891654078,0.771
446,It works reasonably well but has some limitations.,Neutral,1,Clothing,4019.38,1935.72,336,3.1,2083.66,8,51.840253534597565,-0.342
1087,Excellent product and very useful for daily use.,Positive,1,Electronics,2725.07,937.93,1555,4.8,1787.14,8,65.58137140324726,0.696
1062,I expected better performance for the price.,Negative,0,Beauty,1442.01,1222.84,240,1.8,219.17,7,15.198770089894001,-0.782
1667,The product quality is disappointing and needs improvement.,Negative,1,Beauty,3101.01,2225.57,5317,2.5,875.44,8,28.230767194772355,-0.761
481,The product quality is disappointing and needs improvement.,Negative,0,Toys & Games,5679.36,4709.23,1101,2.9,970.13,8,17.081691634887324,-0.553
641,"The product is usable, although the experience is ordinary.",Neutral,1,Clothing,5197.99,4246.53,91,4.0,951.46,9,18.30435551335986,0.238
626,Not satisfied with the performance of this product.,Negative,1,Mobile Accessories,2112.41,1063.29,829,2.7,1049.12,8,49.66460640343782,-0.913
15,Excellent product and very useful for daily use.,Positive,1,Home & Kitchen,805.71,536.26,1553,4.0,269.45,8,33.442598845121566,0.703
2214,The product is not very reliable and I would not recommend it.,Negative,0,Sports & Fitness,1292.54,902.63,140,2.9,389.91,12,30.165851335876884,-0.837
1544,The quality is acceptable but could be improved.,Neutral,1,Computers & Accessories,16890.4,10022.72,4619,2.9,6867.68,8,40.66024257945735,0.04
2428,The product did not work as expected.,Negative,0,Home & Kitchen,2939.66,2192.59,353,2.5,747.07,7,25.413514608078735,-0.831
2350,I liked the quality and would consider buying again.,Positive,1,Books,1246.86,834.0,2175,4.0,412.86,9,33.11202135175414,0.586
1627,Very satisfied with the purchase and product quality.,Positive,0,Computers & Accessories,8452.68,6655.59,404,4.1,1797.09,8,21.2605752872189,0.655
465,The product is not very reliable and I would not recommend it.,Negative,1,Beauty,3111.59,1587.65,6069,2.6,1523.94,12,48.9763423397382,-0.514
1169,Decent product for the price with average performance.,Neutral,1,Clothing,2628.13,2102.59,1439,2.5,525.54,8,19.99671495036189,0.204
406,Very satisfied with the purchase and product quality.,Positive,1,Beauty,4905.5,1719.43,149,4.3,3186.07,8,64.94883412894208,0.766
1438,"The product is usable, although the experience is ordinary.",Neutral,1,Sports & Fitness,3530.2,2074.86,1092,3.4,1455.34,9,41.22543784894705,-0.164
2313,It works reasonably well but has some limitations.,Neutral,1,Computers & Accessories,10609.81,8162.95,998,3.4,2446.86,8,23.06223115517929,0.19
630,I expected better performance for the price.,Negative,1,Mobile Accessories,806.54,450.53,143,2.4,356.01,7,44.14008854496617,-0.381
610,Very satisfied with the purchase and product quality.,Positive,1,Computers & Accessories,11571.89,6907.93,1167,3.7,4663.96,8,40.30423838032055,0.805
2074,The product is okay and works as described.,Neutral,1,Electronics,21418.97,9808.94,1604,3.4,11610.03,8,54.20443602961439,0.112
134,The product quality is disappointing and needs improvement.,Negative,0,Clothing,872.28,688.56,219,2.6,183.72,8,21.062010925942506,-0.899
2,The product quality is disappointing and needs improvement.,Negative,0,Electronics,5045.93,3860.15,430,2.4,1185.78,8,23.49976405967628,-0.877
294,Very satisfied with the purchase and product quality.,Positive,1,Clothing,4501.92,2832.89,869,4.4,1669.03,8,37.07374010427793,0.457
887,The quality is acceptable but could be improved.,Neutral,1,Mobile Accessories,3619.78,1936.55,558,3.3,1683.23,8,46.50101391828747,0.422
1876,Excellent product and very useful for daily use.,Positive,0,Office Products,2751.29,1454.31,392,3.7,1296.98,8,47.140710631565945,1.0
1880,The product is okay and works as described.,Neutral,0,Electronics,8251.65,2937.07,5235,3.5,5314.58,8,64.40622200131205,-0.55
584,"The product is reliable, useful and worth the price.",Positive,1,Clothing,2274.1,1375.37,1406,4.1,898.73,9,39.52046468266231,1.0
882,Very satisfied with the purchase and product quality.,Positive,1,Books,1195.63,890.1,655,4.7,305.53,8,25.553755652087112,0.659
331,I liked the quality and would consider buying again.,Positive,1,Office Products,762.4,451.75,627,4.0,310.65,9,40.7465878897608,0.785
2010,Decent product for the price with average performance.,Neutral,0,Toys & Games,5180.44,3167.94,1448,3.1,2012.5,8,38.84809672167465,-0.431
54,Good quality and works exactly as expected.,Positive,1,Office Products,157.88,104.35,3280,4.5,53.53,7,33.90570609179046,0.592
1535,The product quality is disappointing and needs improvement.,Negative,1,Beauty,1775.48,1122.88,1100,3.4,652.6,8,36.756315926718926,-0.888
914,The product is not very reliable and I would not recommend it.,Negative,0,Home & Kitchen,4866.82,1868.45,1028,3.3,2998.37,12,61.60837792527632,-0.789
489,"The product is reliable, useful and worth the price.",Positive,1,Office Products,2230.23,1266.25,4527,4.4,963.98,9,43.22338278874332,1.0
1595,I liked the quality and would consider buying again.,Positive,0,Office Products,2068.06,1256.29,2023,4.5,811.77,9,39.25281294058796,1.0
1640,The product quality is disappointing and needs improvement.,Negative,1,Computers & Accessories,14544.05,11451.11,329,3.0,3092.94,8,21.265982094145322,-0.611
1491,I liked the quality and would consider buying again.,Positive,1,Sports & Fitness,5387.2,3518.84,1706,3.9,1868.36,9,34.68142745211897,0.344
2497,The product quality is disappointing and needs improvement.,Negative,0,Computers & Accessories,11312.34,7576.97,805,2.2,3735.37,8,33.020280321381684,-0.996
1891,The quality is acceptable but could be improved.,Neutral,1,Toys & Games,1518.04,786.17,13264,3.3,731.87,8,48.21121300550139,-0.269
1448,Great value for money and good overall performance.,Positive,0,Clothing,1387.44,922.0,4117,4.1,465.44,8,33.546507219457396,0.814
545,Decent product for the price with average performance.,Neutral,1,Electronics,1931.61,797.37,27625,3.8,1134.24,8,58.72003003508416,-0.25
150,The quality is poor and the product has several issues.,Negative,0,Sports & Fitness,9420.52,5457.79,2898,2.0,3962.73,10,42.06487864419248,-0.386
886,Very satisfied with the purchase and product quality.,Positive,1,Computers & Accessories,3999.82,3413.41,1630,4.7,586.41,8,14.660789999690007,0.644
1243,Very satisfied with the purchase and product quality.,Positive,1,Books,2017.09,1400.77,76,3.8,616.32,8,30.554801676799798,0.96
1772,The quality is poor and the product has several issues.,Negative,0,Sports & Fitness,5167.18,3764.71,83,4.0,1402.47,10,27.14185889929563,-1.0
495,The quality is poor and the product has several issues.,Negative,0,Mobile Accessories,449.1,352.76,1798,2.0,96.34,10,21.45194749630957,-0.654
640,Excellent product and very useful for daily use.,Positive,1,Home & Kitchen,9483.97,5337.86,155,4.6,4146.11,8,43.717034403542236,0.948
2192,Good quality and works exactly as expected.,Positive,1,Electronics,13078.1,5113.44,508,4.9,7964.66,7,60.90070554882801,0.577
1151,Good quality and works exactly as expected.,Positive,1,Beauty,2442.85,2408.37,383,4.4,34.48,7,1.4112780901051707,0.692
2287,"The product is usable, although the experience is ordinary.",Neutral,1,Computers & Accessories,16045.29,9989.27,559,3.4,6056.02,9,37.74329320260409,0.109
925,Good quality and works exactly as expected.,Positive,0,Toys & Games,726.74,470.54,263,4.3,256.2,7,35.253098687063215,1.0
248,Very satisfied with the purchase and product quality.,Positive,1,Mobile Accessories,3708.8,1729.71,615,4.7,1979.09,8,53.3621003477029,0.77
1014,Not satisfied with the performance of this product.,Negative,0,Sports & Fitness,728.66,579.25,1100,2.4,149.41,8,20.50443157120258,-1.0
1897,I liked the quality and would consider buying again.,Positive,1,Computers & Accessories,11093.91,8454.32,13133,4.8,2639.59,9,23.793132144853814,0.7
1133,Decent product for the price with average performance.,Neutral,1,Toys & Games,4684.92,2025.1,5278,3.7,2659.82,8,56.774092384421266,0.198
2020,The quality is poor and the product has several issues.,Negative,0,Electronics,23790.54,18361.86,683,2.9,5428.68,10,22.818643233909537,-0.785
605,Average product with acceptable quality.,Neutral,0,Toys & Games,3025.02,2628.77,946,3.4,396.25,5,13.098970627249749,-0.43
1957,The product is okay and works as described.,Neutral,0,Home & Kitchen,1250.46,1010.14,541,3.7,240.32,8,19.21849453845492,0.014
745,Good quality and works exactly as expected.,Positive,1,Mobile Accessories,569.58,341.96,96,4.4,227.62,7,39.9624996306494,0.536
2264,It works reasonably well but has some limitations.,Neutral,0,Toys & Games,702.07,492.03,1857,3.7,210.04,8,29.91698198516283,0.377
1531,Decent product for the price with average performance.,Neutral,1,Electronics,6153.31,2546.27,367,3.7,3607.04,8,58.619428845208404,-0.023
2471,"The product is reliable, useful and worth the price.",Positive,1,Toys & Games,1054.47,643.41,2797,4.2,411.06,9,38.982684260524636,0.384
2217,It works reasonably well but has some limitations.,Neutral,0,Computers & Accessories,5747.0,3333.0,75,3.2,2414.0,8,42.00450767361302,0.173
2186,The product did not work as expected.,Negative,0,Clothing,1272.87,887.62,1822,1.9,385.25,7,30.266589007759105,-0.853
2269,Decent product for the price with average performance.,Neutral,1,Electronics,19307.88,19145.72,94,4.3,162.16,8,0.8398882572005988,0.388
1250,The product is not very reliable and I would not recommend it.,Negative,0,Books,2148.61,879.87,5690,2.5,1268.74,12,59.0495134515395,-0.985
1892,I liked the quality and would consider buying again.,Positive,0,Toys & Games,1164.03,1117.53,265,3.6,46.5,9,3.9951614345993924,0.566
455,The product did not work as expected.,Negative,1,Mobile Accessories,273.08,192.5,1143,2.9,80.58,7,29.508911464648925,-0.702
1652,The quality is poor and the product has several issues.,Negative,0,Beauty,1919.46,1156.46,697,3.1,763.0,10,39.75085929166445,-0.738
356,The product is okay and works as described.,Neutral,1,Beauty,3237.39,2078.87,768,3.4,1158.52,8,35.78573017855944,-0.02
1306,The quality is acceptable but could be improved.,Neutral,0,Books,2182.07,1060.28,629,3.6,1121.79,8,51.40943071362355,-0.05
993,Decent product for the price with average performance.,Neutral,1,Sports & Fitness,4217.05,2917.86,8357,3.9,1299.19,8,30.808006221202284,-0.29
758,The product is not very reliable and I would not recommend it.,Negative,0,Office Products,3507.2,1331.6,741,3.3,2175.6,12,62.032530284544734,-0.667
1161,Great value for money and good overall performance.,Positive,1,Clothing,2781.03,1971.98,6242,4.0,809.05,8,29.091612055218782,0.693
1326,The quality is acceptable but could be improved.,Neutral,0,Sports & Fitness,9178.88,6217.38,2244,3.0,2961.5,8,32.26425149199252,-0.276
195,The product quality is disappointing and needs improvement.,Negative,0,Toys & Games,2054.57,932.9,2213,3.0,1121.67,8,54.59388274805675,-0.58
1211,"The product is usable, although the experience is ordinary.",Neutral,1,Computers & Accessories,18915.67,11912.28,967,3.2,7003.39,9,37.02428238669546,-0.139
666,Average product with acceptable quality.,Neutral,1,Beauty,1187.43,1095.91,3396,3.7,91.52,5,7.707108291596803,-0.016
1878,Not satisfied with the performance of this product.,Negative,1,Mobile Accessories,483.63,363.12,1048,4.0,120.51,8,24.917610362414838,-0.349
2340,The quality is poor and the product has several issues.,Negative,1,Beauty,3466.39,1247.84,1114,3.0,2218.55,10,64.00181319726,-0.537
291,Excellent product and very useful for daily use.,Positive,1,Electronics,20301.82,15022.97,9616,4.6,5278.85,8,26.00185800177677,0.553
1720,Not satisfied with the performance of this product.,Negative,0,Computers & Accessories,5777.57,3409.01,180,2.2,2368.56,8,40.99572640067604,-0.67
732,"The product is reliable, useful and worth the price.",Positive,1,Books,792.74,529.81,425,4.7,262.93,9,33.16739679236325,0.655
1969,Great value for money and good overall performance.,Positive,1,Electronics,15432.47,12224.16,201,4.7,3208.31,8,20.78932992643233,0.778
1796,It works reasonably well but has some limitations.,Neutral,1,Toys & Games,1741.99,1009.16,1728,3.5,732.83,8,42.06852484588049,-0.145
1765,The product is not very reliable and I would not recommend it.,Negative,0,Home & Kitchen,1821.28,1468.19,2347,3.0,353.09,12,19.38702864069745,-0.506
323,Not satisfied with the performance of this product.,Negative,0,Books,1354.06,1104.79,294,2.6,249.27,8,18.408846694770702,-0.675
1565,The product is okay and works as described.,Neutral,1,Office Products,404.94,193.42,17372,3.6,211.52,8,52.23601021505445,-0.128
1232,Very satisfied with the purchase and product quality.,Positive,1,Home & Kitchen,2948.57,2393.02,1376,3.9,555.55,8,18.841428640094534,0.493
1094,Excellent product and very useful for daily use.,Positive,0,Beauty,2836.26,1786.2,3258,4.3,1050.06,8,37.02265514540235,0.731
998,Excellent product and very useful for daily use.,Positive,1,Sports & Fitness,1823.34,944.03,6288,4.4,879.31,8,48.225174779155736,0.933
1219,Average product with acceptable quality.,Neutral,1,Toys & Games,4697.83,2272.19,1618,2.6,2425.64,5,51.63324270793752,-0.391
326,"The product is reliable, useful and worth the price.",Positive,0,Computers & Accessories,17075.75,14212.75,3242,4.0,2863.0,9,16.76649521289422,0.836
613,Good quality and works exactly as expected.,Positive,1,Electronics,5963.75,3698.94,14316,3.4,2264.81,7,37.97628397515126,0.792
856,The quality is acceptable but could be improved.,Neutral,1,Beauty,1715.51,1483.66,947,3.7,231.85,8,13.514734369161854,-0.082
1337,I expected better performance for the price.,Negative,0,Home & Kitchen,9858.29,4201.47,318,2.4,5656.82,7,57.38134905702602,-0.676
1366,The product is okay and works as described.,Neutral,1,Books,1956.31,1223.84,5082,3.2,732.47,8,37.441653181635346,-0.055
1636,The product is not very reliable and I would not recommend it.,Negative,0,Computers & Accessories,2965.71,1720.01,453,1.8,1245.7,12,42.003446749680116,-0.611
260,It works reasonably well but has some limitations.,Neutral,0,Computers & Accessories,16987.12,7762.23,274,4.1,9224.89,8,54.30519538652471,-0.096
623,The quality is acceptable but could be improved.,Neutral,1,Beauty,4166.65,2533.4,496,3.6,1633.25,8,39.198214396730364,-0.127
442,"The product is usable, although the experience is ordinary.",Neutral,1,Beauty,4470.55,2949.76,2550,3.7,1520.79,9,34.017870384213744,-0.004
282,Excellent product and very useful for daily use.,Positive,1,Home & Kitchen,6417.47,4698.45,75,4.2,1719.02,8,26.786526900003842,0.446
408,I liked the quality and would consider buying again.,Positive,0,Toys & Games,910.7,481.21,965,4.0,429.49,9,47.16052491807876,0.975
443,Very satisfied with the purchase and product quality.,Positive,1,Electronics,13420.23,11686.16,1080,4.2,1734.07,8,12.921279320255934,0.893
2141,I expected better performance for the price.,Negative,0,Electronics,10605.99,9377.19,1548,3.0,1228.8,7,11.585921824970395,-0.749
1435,Not satisfied with the performance of this product.,Negative,1,Clothing,4172.98,3362.99,2524,3.0,809.99,8,19.410359676497922,-0.841
1676,I liked the quality and would consider buying again.,Positive,0,Beauty,269.72,203.52,956,3.3,66.2,9,24.545397470549787,0.436
1732,I expected better performance for the price.,Negative,1,Beauty,3338.22,2136.21,2194,3.0,1202.01,7,36.0074785897718,-0.938
2490,The quality is acceptable but could be improved.,Neutral,1,Mobile Accessories,2848.37,2319.98,2429,2.8,528.39,8,18.550732650262958,0.112
687,Not satisfied with the performance of this product.,Negative,0,Electronics,5729.1,4692.42,171,2.1,1036.68,8,18.094975128735083,-0.923
1555,The product quality is disappointing and needs improvement.,Negative,0,Beauty,895.77,528.55,935,2.6,367.22,8,40.99489751708993,-0.774
932,I expected better performance for the price.,Negative,1,Books,1248.24,935.13,6287,2.7,313.11,7,25.08394899756439,-0.353
558,The product is okay and works as described.,Neutral,1,Electronics,11305.02,8582.86,21701,3.6,2722.16,8,24.079173310033745,0.112
1839,"The product is reliable, useful and worth the price.",Positive,0,Home & Kitchen,5342.87,3163.01,7235,4.1,2179.86,9,40.79945414881531,0.635
1155,The quality is poor and the product has several issues.,Negative,1,Sports & Fitness,6413.78,5006.9,649,3.1,1406.88,10,21.935340086915893,-0.625
198,Great value for money and good overall performance.,Positive,1,Computers & Accessories,7472.27,5971.12,21703,4.6,1501.15,8,20.089646653776523,0.741
751,The product is okay and works as described.,Neutral,0,Clothing,5171.12,3177.47,1660,4.0,1993.65,8,38.5534849847964,-0.092
1113,The product quality is disappointing and needs improvement.,Negative,0,Clothing,4553.81,2150.86,3797,3.3,2402.95,8,52.767978648355985,-0.564
18,The product is not very reliable and I would not recommend it.,Negative,1,Sports & Fitness,1502.05,1028.88,731,2.7,473.17,12,31.50183091890257,-0.72
482,Good quality and works exactly as expected.,Positive,0,Computers & Accessories,5493.22,4528.19,335,3.9,965.03,7,17.567699554847238,0.728
576,"The product is usable, although the experience is ordinary.",Neutral,1,Beauty,692.11,395.79,301,3.6,296.32,9,42.814493726482795,0.104
1231,Good quality and works exactly as expected.,Positive,0,Office Products,3800.82,2368.66,945,4.6,1432.16,7,37.68019266030031,0.583
1784,The product is not very reliable and I would not recommend it.,Negative,1,Office Products,2398.47,2398.47,152,2.3,0.0,12,0.0,-0.708
764,I expected better performance for the price.,Negative,0,Computers & Accessories,17490.91,12221.0,1364,2.1,5269.91,7,30.129420524732325,-0.495
1453,The quality is acceptable but could be improved.,Neutral,0,Office Products,1767.64,1259.82,624,2.9,507.82,8,28.728827298170124,0.112
136,The product is not very reliable and I would not recommend it.,Negative,1,Books,1317.55,496.05,641,2.2,821.5,12,62.35047974025776,-0.632
1522,The product is not very reliable and I would not recommend it.,Negative,0,Office Products,3662.23,2825.05,3074,2.5,837.18,12,22.85983622571466,-0.784
636,"The product is usable, although the experience is ordinary.",Neutral,1,Computers & Accessories,12939.35,9604.22,8340,3.0,3335.13,9,25.775074408160283,0.457
1515,Great value for money and good overall performance.,Positive,1,Electronics,17628.83,13840.73,1447,4.0,3788.1,8,21.488109029773177,0.873
461,Decent product for the price with average performance.,Neutral,1,Beauty,1695.05,1151.42,1064,3.3,543.63,8,32.071871312526426,-0.157
1995,Good quality and works exactly as expected.,Positive,1,Beauty,3294.17,1932.08,2229,4.6,1362.09,7,41.348465612012745,0.535
553,"The product is reliable, useful and worth the price.",Positive,1,Electronics,19592.0,2938.8,481,4.6,16653.2,9,85.0,0.794
2418,It works reasonably well but has some limitations.,Neutral,0,Home & Kitchen,785.99,613.0,1084,3.2,172.99,8,22.009207055096546,-0.025
2424,Excellent product and very useful for daily use.,Positive,0,Sports & Fitness,1741.24,1153.64,653,4.8,587.6,8,33.74604040313838,0.734
2449,It works reasonably well but has some limitations.,Neutral,1,Office Products,741.84,424.17,630,3.1,317.67,8,42.82146624332134,0.123
2057,The quality is acceptable but could be improved.,Neutral,0,Books,1358.02,967.2,1050,3.5,390.82,8,28.77842184179059,0.218
78,Very satisfied with the purchase and product quality.,Positive,1,Beauty,2049.74,1263.55,428,4.1,786.19,8,38.35573280719045,0.863
2107,Great value for money and good overall performance.,Positive,1,Mobile Accessories,171.4,104.66,3182,4.4,66.74,8,38.939984514194066,0.897
425,The product did not work as expected.,Negative,0,Home & Kitchen,11504.53,3052.22,308,2.7,8452.31,7,73.46936408741598,-0.634
1402,Good quality and works exactly as expected.,Positive,1,Clothing,1221.29,638.29,1864,4.8,583.0,7,47.73652517721159,0.699
341,The product did not work as expected.,Negative,0,Clothing,5024.41,4664.05,2525,2.2,360.36,7,7.17209165511894,-0.773
1344,I expected better performance for the price.,Negative,0,Sports & Fitness,9599.78,5421.28,954,3.2,4178.5,7,43.52705114033595,-0.634
1389,"The product is usable, although the experience is ordinary.",Neutral,0,Computers & Accessories,19295.0,10698.46,2056,3.7,8596.54,9,44.5531935942316,-0.004
413,I expected better performance for the price.,Negative,1,Office Products,1244.78,640.11,1408,3.1,604.67,7,48.576502817646286,-0.804
1991,The quality is acceptable but could be improved.,Neutral,0,Electronics,1004.99,865.31,502,3.5,139.68,8,13.898499657742938,-0.047
89,The product is not very reliable and I would not recommend it.,Negative,0,Mobile Accessories,1842.3,1611.73,344,2.9,230.57,12,12.515180635683805,-0.508
999,Very satisfied with the purchase and product quality.,Positive,0,Office Products,3274.76,1861.15,1833,4.0,1413.61,8,43.166871770024095,0.582
820,Excellent product and very useful for daily use.,Positive,1,Sports & Fitness,6823.41,4386.9,1220,3.6,2436.51,8,35.708071183619616,0.715
324,"The product is reliable, useful and worth the price.",Positive,0,Home & Kitchen,11874.73,9684.59,2119,4.1,2190.14,9,18.443703427631544,0.799
1997,I expected better performance for the price.,Negative,1,Sports & Fitness,4121.7,3468.37,3150,2.4,653.33,7,15.850962650918323,-0.758
767,Average product with acceptable quality.,Neutral,1,Mobile Accessories,757.73,565.11,7115,3.3,192.62,5,25.42089062470076,-0.289
322,The product is okay and works as described.,Neutral,1,Beauty,1975.64,679.31,458,4.0,1296.33,8,65.61579625695856,-0.166
2109,Very satisfied with the purchase and product quality.,Positive,1,Sports & Fitness,8648.24,4489.32,720,4.5,4158.92,8,48.08977623166608,0.858
1511,Excellent product and very useful for daily use.,Positive,1,Sports & Fitness,5677.91,4248.75,139,4.1,1429.16,8,25.17060348200343,0.732
837,The product did not work as expected.,Negative,0,Beauty,1605.27,812.04,140,3.3,793.23,7,49.41400883429384,-0.493
980,The product is okay and works as described.,Neutral,1,Clothing,4308.84,1925.82,5344,4.0,2383.02,8,55.30526184370148,-0.145
1444,The product is not very reliable and I would not recommend it.,Negative,0,Sports & Fitness,2503.38,2503.38,234,3.2,0.0,12,0.0,-0.832
1793,I liked the quality and would consider buying again.,Positive,1,Toys & Games,2798.83,1545.43,490,3.7,1253.4,9,44.7830520219496,0.626
2345,Great value for money and good overall performance.,Positive,1,Office Products,2293.7,2172.24,323,4.4,121.46,8,5.295249045204184,0.736
272,The quality is acceptable but could be improved.,Neutral,0,Computers & Accessories,14432.88,8375.4,1400,3.1,6057.48,8,41.97001825012216,0.207
47,The quality is poor and the product has several issues.,Negative,1,Beauty,1115.92,813.66,252,3.2,302.26,10,27.085900302332128,-0.54
1111,The product is not very reliable and I would not recommend it.,Negative,1,Electronics,12814.93,7685.04,709,2.6,5129.89,12,40.030553678928314,-0.381
1134,Decent product for the price with average performance.,Neutral,0,Computers & Accessories,18990.58,17345.72,820,3.1,1644.86,8,8.661468061805792,-0.29
2409,I expected better performance for the price.,Negative,1,Electronics,22762.96,18179.43,1284,2.7,4583.53,7,20.135917984145145,-0.83
1670,Excellent product and very useful for daily use.,Positive,0,Beauty,3229.99,1954.27,2164,4.4,1275.72,8,39.49608482784934,0.516
17,The quality is acceptable but could be improved.,Neutral,1,Electronics,8074.77,5607.34,637,3.5,2467.43,8,30.55731601506064,0.065
2242,Decent product for the price with average performance.,Neutral,0,Office Products,3173.41,2320.86,2873,3.4,852.55,8,26.86534507889686,0.275
2472,The product is not very reliable and I would not recommend it.,Negative,0,Beauty,3534.46,2027.85,264,2.6,1506.61,12,42.626192959981445,-0.698
868,The product did not work as expected.,Negative,0,Books,1177.15,537.33,5494,2.9,639.82,7,54.352996352886365,-0.87
1903,Not satisfied with the performance of this product.,Negative,1,Beauty,2158.44,1112.1,2779,3.3,1046.34,8,48.47688617970069,-1.0
439,Good quality and works exactly as expected.,Positive,1,Home & Kitchen,5669.58,3528.35,90,4.8,2141.23,7,37.7670718716197,0.689
2189,The quality is acceptable but could be improved.,Neutral,0,Sports & Fitness,5752.22,3154.3,117,3.5,2597.92,8,45.163795285353785,0.039
1223,The product quality is disappointing and needs improvement.,Negative,1,Computers & Accessories,16310.51,16310.51,1112,3.6,0.0,8,0.0,-0.704
2023,Not satisfied with the performance of this product.,Negative,1,Toys & Games,202.71,96.71,150,2.7,106.0,8,52.292983028357554,-0.995
1039,Very satisfied with the purchase and product quality.,Positive,0,Mobile Accessories,4524.84,2469.91,6384,4.6,2054.93,8,45.41452221814986,0.462
1112,I liked the quality and would consider buying again.,Positive,1,Beauty,992.43,457.84,1571,4.5,534.59,9,53.867133847284634,0.51
2314,Very satisfied with the purchase and product quality.,Positive,1,Office Products,644.88,351.82,308,4.0,293.06,8,45.444603683956515,0.518
263,The product is not very reliable and I would not recommend it.,Negative,0,Clothing,2521.48,2521.48,370,2.7,0.0,12,0.0,-0.538
1247,The quality is acceptable but could be improved.,Neutral,0,Sports & Fitness,8331.47,5669.57,492,3.6,2661.9,8,31.949930827562607,0.182
756,It works reasonably well but has some limitations.,Neutral,0,Office Products,3092.51,2192.83,2815,2.9,899.68,8,29.092191313610552,0.155
1932,The product quality is disappointing and needs improvement.,Negative,0,Mobile Accessories,253.17,142.53,1467,2.8,110.64,8,43.70149482568783,-0.658
4,Very satisfied with the purchase and product quality.,Positive,1,Home & Kitchen,1711.36,1116.03,10403,5.0,595.33,8,34.787051099381245,0.743
1379,The quality is poor and the product has several issues.,Negative,1,Electronics,23609.23,11934.09,383,2.3,11675.14,10,49.45158687076016,-0.758
1514,I liked the quality and would consider buying again.,Positive,0,Toys & Games,3381.8,2831.51,526,4.1,550.29,9,16.27219178876484,0.783
140,I expected better performance for the price.,Negative,1,Computers & Accessories,12946.99,6276.45,3068,3.2,6670.54,7,51.52191103077455,-0.347
343,"The product is reliable, useful and worth the price.",Positive,1,Mobile Accessories,819.01,819.01,5209,4.6,0.0,9,0.0,0.976
1970,The product is not very reliable and I would not recommend it.,Negative,1,Toys & Games,3129.0,1074.9,1043,2.6,2054.1,12,65.64733024215732,-0.464
2012,Good quality and works exactly as expected.,Positive,1,Computers & Accessories,11791.99,10086.29,1431,4.6,1705.7,7,14.464927955571198,0.7
1329,I liked the quality and would consider buying again.,Positive,1,Clothing,775.87,555.73,408,4.3,220.14,9,28.373154185524285,0.768
941,Great value for money and good overall performance.,Positive,0,Mobile Accessories,2724.55,2311.13,546,3.8,413.42,8,15.173912024103998,0.721
2100,I expected better performance for the price.,Negative,1,Beauty,1223.7,780.35,4270,2.4,443.35,7,36.230675063360714,-0.515
1538,The product is okay and works as described.,Neutral,1,Mobile Accessories,4717.83,2999.26,710,4.1,1718.57,8,36.427221598288504,-0.084
531,The quality is acceptable but could be improved.,Neutral,1,Beauty,3167.84,1870.87,544,4.0,1296.97,8,40.941831637383295,-0.208
1330,The product is okay and works as described.,Neutral,1,Computers & Accessories,15117.73,9567.69,1159,3.1,5550.04,8,36.71209705015137,0.105
2005,I liked the quality and would consider buying again.,Positive,1,Beauty,4273.37,2446.13,2423,4.4,1827.24,9,42.758649404176836,0.985
696,The product did not work as expected.,Negative,0,Clothing,5372.42,4322.83,717,2.4,1049.59,7,19.536682707339605,-0.736
1382,The product is okay and works as described.,Neutral,0,Sports & Fitness,7723.18,4457.14,2174,3.5,3266.04,8,42.28880427062875,-0.395
556,The product quality is disappointing and needs improvement.,Negative,0,Office Products,2606.87,2087.08,698,2.3,519.79,8,19.939353438114846,-0.804
1154,I liked the quality and would consider buying again.,Positive,0,Sports & Fitness,5677.47,2585.57,461,4.8,3091.9,9,54.45920397634273,0.574
1992,The product is not very reliable and I would not recommend it.,Negative,1,Toys & Games,5997.91,4119.39,2774,1.7,1878.52,12,31.319647400288012,-0.711
951,The product did not work as expected.,Negative,0,Toys & Games,2008.7,944.37,357,3.3,1064.33,7,52.985780651443335,-1.0
360,Average product with acceptable quality.,Neutral,1,Office Products,2747.99,1575.25,3384,3.1,1172.74,5,42.67618433467727,-0.001
256,Decent product for the price with average performance.,Neutral,1,Books,621.08,437.2,1991,3.1,183.88,8,29.607222342079567,0.185
391,Excellent product and very useful for daily use.,Positive,1,Electronics,3642.36,2134.63,8922,4.7,1507.73,8,41.39419649451017,0.46
372,Good quality and works exactly as expected.,Positive,1,Books,1765.67,1597.01,2235,5.0,168.66,7,9.551905294021896,1.0
1390,It works reasonably well but has some limitations.,Neutral,1,Computers & Accessories,3602.25,1690.17,680,3.5,1912.08,8,53.08014403713918,-0.119
2207,I expected better performance for the price.,Negative,0,Office Products,702.38,202.6,16386,3.1,499.78,7,71.15489027994263,-0.786
1790,The quality is acceptable but could be improved.,Neutral,1,Electronics,6520.97,5702.71,1313,3.5,818.26,8,12.548182550408416,-0.155
412,The quality is poor and the product has several issues.,Negative,0,Books,1906.64,1608.03,154,2.9,298.61,10,15.661443776856373,-0.776
147,"The product is usable, although the experience is ordinary.",Neutral,1,Mobile Accessories,2976.61,1075.06,1615,3.8,1901.55,9,63.883054244112486,-0.198
1742,The quality is poor and the product has several issues.,Negative,0,Home & Kitchen,8558.45,5723.14,1549,2.5,2835.31,10,33.12875264840161,-0.916
1419,"The product is reliable, useful and worth the price.",Positive,0,Electronics,20196.6,13177.71,1176,4.0,7018.89,9,34.7528511876592,0.267
827,Decent product for the price with average performance.,Neutral,0,Mobile Accessories,4753.34,3244.42,15317,3.5,1508.92,8,31.74436717630432,0.076
1443,I liked the quality and would consider buying again.,Positive,1,Toys & Games,1979.47,1660.49,3226,4.5,318.98,9,16.114317638044817,0.507
844,Great value for money and good overall performance.,Positive,1,Home & Kitchen,8219.5,4506.11,846,3.9,3713.39,8,45.17782271454349,0.815
838,Excellent product and very useful for daily use.,Positive,1,Beauty,4154.86,2807.97,162,4.3,1346.89,8,32.4171461170314,0.891
107,The product quality is disappointing and needs improvement.,Negative,1,Home & Kitchen,6982.42,4697.42,14756,3.1,2285.0,8,32.72504875182395,-0.587
1705,The quality is acceptable but could be improved.,Neutral,0,Computers & Accessories,6385.2,2152.19,2742,3.4,4233.01,8,66.29409275292468,0.198
589,The product quality is disappointing and needs improvement.,Negative,0,Electronics,8575.4,2410.34,519,2.6,6165.06,8,71.89238779307871,-0.685
2018,The quality is acceptable but could be improved.,Neutral,1,Home & Kitchen,3563.59,2911.54,150,3.5,652.05,8,18.297492254527278,-0.057
2339,"The product is reliable, useful and worth the price.",Positive,0,Beauty,2464.72,1368.33,5776,4.7,1096.39,9,44.483350431129566,0.627
1436,Excellent product and very useful for daily use.,Positive,1,Sports & Fitness,5064.41,2125.47,196,4.2,2938.94,8,58.03125935502814,0.642
863,I expected better performance for the price.,Negative,1,Clothing,1681.24,1303.81,1680,2.6,377.43,7,22.449679525713954,-0.672
214,The product is not very reliable and I would not recommend it.,Negative,1,Sports & Fitness,1346.77,961.4,21872,2.5,385.37,12,28.614217631978264,-1.0
1383,I liked the quality and would consider buying again.,Positive,0,Sports & Fitness,8272.32,6461.92,3587,4.6,1810.4,9,21.88503026057181,0.599
2429,Very satisfied with the purchase and product quality.,Positive,1,Computers & Accessories,3884.24,3380.67,652,3.9,503.57,8,12.964460027809153,0.315
100,The product did not work as expected.,Negative,0,Toys & Games,5376.71,3169.39,2891,3.0,2207.32,7,41.05333420792201,-0.984
1898,The product did not work as expected.,Negative,1,Office Products,2565.47,2240.33,1983,2.6,325.14,7,12.6737551556595,-0.653
1160,I liked the quality and would consider buying again.,Positive,1,Clothing,4847.8,1668.16,46644,4.8,3179.64,9,65.58935051520395,0.548
1982,"The product is usable, although the experience is ordinary.",Neutral,1,Computers & Accessories,12930.12,7360.3,786,3.1,5569.82,9,43.07630750053702,-0.278
1584,I expected better performance for the price.,Negative,0,Clothing,3518.06,2650.94,3580,2.9,867.12,7,24.647661928052415,-0.696
2500,I liked the quality and would consider buying again.,Positive,1,Computers & Accessories,18088.33,7755.31,138,4.6,10333.02,9,57.12533853456061,0.695
40,Not satisfied with the performance of this product.,Negative,1,Office Products,1956.5,1830.69,3914,3.0,125.81,8,6.43028431782265,-0.938
2389,"The product is reliable, useful and worth the price.",Positive,1,Home & Kitchen,10121.64,5415.58,7194,4.0,4706.06,9,46.49503364770567,0.773
2051,The quality is acceptable but could be improved.,Neutral,1,Electronics,22918.04,12714.74,2912,2.9,10203.3,8,44.52082417001506,-0.218
452,Excellent product and very useful for daily use.,Positive,1,Clothing,343.94,186.07,343,3.7,157.87,8,45.899831805858774,0.533
1848,Excellent product and very useful for daily use.,Positive,1,Clothing,2132.35,901.4,2471,4.2,1230.95,8,57.727437906864836,0.391
1093,Not satisfied with the performance of this product.,Negative,0,Electronics,2316.49,1700.53,724,2.7,615.96,8,26.590032838555192,-0.6
2469,"The product is reliable, useful and worth the price.",Positive,1,Home & Kitchen,4975.39,2704.36,1385,4.0,2271.03,9,45.645231701594895,0.847
1364,Excellent product and very useful for daily use.,Positive,1,Beauty,2599.11,1732.81,369,4.4,866.3,8,33.330746584804,0.875
112,The product is not very reliable and I would not recommend it.,Negative,0,Computers & Accessories,11389.17,6960.56,328,2.4,4428.61,12,38.884430519591724,-0.826
2273,The quality is acceptable but could be improved.,Neutral,1,Office Products,2446.8,1044.21,1049,3.3,1402.59,8,57.32352172938609,-0.074
943,"The product is usable, although the experience is ordinary.",Neutral,1,Beauty,1907.49,1324.3,6591,2.8,583.19,9,30.573701057246765,0.046
1569,Good quality and works exactly as expected.,Positive,1,Books,1848.56,878.72,5322,4.2,969.84,7,52.4647415375608,0.325
74,Very satisfied with the purchase and product quality.,Positive,1,Sports & Fitness,3099.55,2001.2,493,4.6,1098.35,8,35.43580449611528,0.628
48,Average product with acceptable quality.,Neutral,0,Toys & Games,1338.81,967.14,24954,4.2,371.67,5,27.761124768694682,-0.009
2162,The quality is acceptable but could be improved.,Neutral,1,Office Products,2542.25,1264.33,298,3.6,1277.92,8,50.26743754147564,0.291
97,The quality is acceptable but could be improved.,Neutral,1,Home & Kitchen,490.34,271.9,650,3.4,218.44,8,44.54866544626729,-0.036
1762,The quality is acceptable but could be improved.,Neutral,0,Electronics,8473.71,4460.91,3020,3.8,4012.8,8,47.355905528925234,-0.473
1594,The product did not work as expected.,Negative,0,Toys & Games,1889.22,1889.22,2648,2.3,0.0,7,0.0,-0.707
1148,The quality is acceptable but could be improved.,Neutral,1,Mobile Accessories,3753.82,1806.38,3582,3.1,1947.44,8,51.878776645312726,-0.362
2155,Very satisfied with the purchase and product quality.,Positive,1,Office Products,390.15,155.48,822,4.2,234.67,8,60.148159407288745,0.74
1767,Excellent product and very useful for daily use.,Positive,1,Toys & Games,5897.5,5897.5,1037,4.3,0.0,8,0.0,0.702
1123,Great value for money and good overall performance.,Positive,0,Computers & Accessories,1716.87,936.16,2100,3.8,780.71,8,45.47315612661772,0.891
1347,It works reasonably well but has some limitations.,Neutral,1,Beauty,4126.63,1263.38,224,3.8,2863.25,8,69.3845962769375,-0.031
